id	title	description	google product category	product type	link	image link	condition	price	availability	brand	gtin
8003670730187	Copripresa 10a 10 pz.	La casa, luogo familiare considerato sicuro per il bambino, in realtà nasconde molte insidie per l’incolumità del piccolo. Per intervenire nei confronti degli incidenti, in particolare quelli domestici, è fondamentale imparare a riconoscere i pericoli e adottare le necessarie precauzioni per renderla “a prova di bimbo”. In particolare quando il bambino comincia a gattonare, poi ad alzarsi in piedi e successivamente a camminare, inizia a scoprire ed esplorare il mondo che lo circonda.<br/><br/>In casa è indispensabile avere un impianto elettrico con salvavita. Nel corso delle sue esplorazioni in casa è molto frequente che il bambino sia attratto dalle prese e che cerchi di inserire le sue dita o piccoli oggetti metallici nei forellini. Oltre ad educare il bambino a non avvicinarsi alle prese, è utile chiuderle con gli appositi copri presa, per evitare che il piccolo possa entrare in contatto con le parti in tensione.<br/><br/>COPRIPRESA 10A<br/>	Bebè e bimbi	Sicurezza e salute > Accessori sicurezza casa	http://127.0.0.1/storebaby.it/index.php/articoli_infanzia_copripresa_10a_10_pz..html	http://127.0.0.1/storebaby.it/media/catalog/product/8/0/8003670730187.jpeg	new	3.21 EUR	in stock	Chicco	8003670730187
8003670730286	Blocca armadi	La casa, luogo familiare considerato sicuro per il bambino, in realtà nasconde molte insidie per l’incolumità del piccolo. Per intervenire nei confronti degli incidenti, in particolare quelli domestici, è fondamentale imparare a riconoscere i pericoli e adottare le necessarie precauzioni per renderla “a prova di bimbo”. In particolare quando il bambino comincia a gattonare, poi ad alzarsi in piedi e successivamente a camminare, inizia a scoprire ed esplorare il mondo che lo circonda.<br/><br/><br/>BLOCCA ARMADIO<br/><br/>È un dispositivo che aiuta ad impedire che i bambini possano aprire armadi con pomelli e maniglie.<br/>	Bebè e bimbi	Sicurezza e salute > Accessori sicurezza casa	http://127.0.0.1/storebaby.it/index.php/articoli_infanzia_blocca_armadi.html	http://127.0.0.1/storebaby.it/media/catalog/product/8/0/8003670730286.jpeg	new	3.21 EUR	in stock	Chicco	8003670730286
8003670789369	Termometro digi pediatrico ultra small	La temperatura corporea può essere rilevata in diverse sedi: retto, ascella, bocca, orecchie e fronte. Nelle prime tre sedi si utilizzano termometri digitali, nelle altre due ad infrarossi. La gamma di termometri Chicco comprende entrambe le tipologie.<br/><br/>TERMOMETRO DIGI PEDIATRICO ULTRA SMALL<br/><br/>- Pratica custodia di protezione in 4 differenti colori<br/><br/>- Misurazione rettale in 1,5 minuti; <br/><br/>- Misurazione ascellare/orale in 2 minuti<br/><br/>- Segnale acustico di fine misurazione<br/><br/>- Memoria dell’ultima misurazione effettuata<br/><br/>- Spegnimento automatico (dopo circa 10 minuti)<br/><br/>	Bebè e bimbi	Sicurezza e salute > Termometri	http://127.0.0.1/storebaby.it/index.php/articoli_infanzia_termometro_digi_pediatrico_ultra_small.html	http://127.0.0.1/storebaby.it/media/catalog/product/8/0/8003670789369.jpeg	new	6.21 EUR	in stock	Chicco	8003670789369
8003670791515	Bavaglini monouso 40pz 2006	I Bavaglini monouso Chicco sono la soluzione giusta per consumare la pappa a casa o fuori casa, in modo pratico, semplice e veloce. Sono facili da indossare, grazie ai pratici adesivi di fissaggio, e sono dotati di una tasca raccogli-pappa.  <br/> <br/>  Il set si compone di 40 bavaglini monouso.<br/>	Bebè e bimbi	Pappa > Accessori pappa	http://127.0.0.1/storebaby.it/index.php/articoli_infanzia_bavaglini_monouso_40pz_2006.html	http://127.0.0.1/storebaby.it/media/catalog/product/8/0/8003670791515.jpeg	new	5.21 EUR	in stock	Chicco	8003670791515
8003670800866	Blocca antine	La casa, luogo familiare considerato sicuro per il bambino, in realtà nasconde molte insidie per l’incolumità del piccolo. Per intervenire nei confronti degli incidenti, in particolare quelli domestici, è fondamentale imparare a riconoscere i pericoli e adottare le necessarie precauzioni per renderla “a prova di bimbo”. In particolare quando il bambino comincia a gattonare, poi ad alzarsi in piedi e successivamente a camminare, inizia a scoprire ed esplorare il mondo che lo circonda.<br/><br/><br/>BLOCCA CASSETTI<br/><br/>Aiuta ad impedire che i bam¬bini possano aprire i casset¬ti. <br/>Si applica all’interno del <br/>mobile con le apposite viti in dotazione<br/>	Bebè e bimbi	Sicurezza e salute > Accessori sicurezza casa	http://127.0.0.1/storebaby.it/index.php/articoli_infanzia_blocca_antine.html	http://127.0.0.1/storebaby.it/media/catalog/product/8/0/8003670800866.jpeg	new	3.2 EUR	in stock		8003670800866
8003670801030	Vasino anatomico igiene sicura	VASINI<br/>l vasini Chicco sono ideali per accompagnare il bambino nel passaggio dal pannolino al wc, sono caratterizzati da una comoda seduta anatomica e un pratico paraspruzzi. Leggeri, facili da trasportare grazie alla pratica maniglia, hanno la su¬perficie liscia e arrotondata che permette una facile pulizia.<br/><br/>VASINO ANATOMICO IGIENE SICURA<br/>Il vasino anatomico Igiene Sicura è caratterizzato da una comoda seduta anatomica e un pratico paraspruzzi. Leggero e facile da trasportare grazie ad una pratica maniglia, ha la superficie liscia e arrotondata che permette una facile pulizia. <br/><br/>Disponibile in quattro diversi colori: bianco, rosa azzurro e giallo.<br/>	Bebè e bimbi	Bagnetto - igiene - cambio > Vasini	http://127.0.0.1/storebaby.it/index.php/articoli_infanzia_vasino_anatomico_igiene_sicura.html	http://127.0.0.1/storebaby.it/media/catalog/product/8/0/8003670801030.jpeg	new	4.21 EUR	in stock	Chicco	8003670801030
8025081907033	Aerosol mebby nebulbaby	AEREOSOL<br/><br/>CODICE: 90703<br/>Sistema ultra-Compatto per aerosolterapia con Compressore uno pistone. <br/>Ideato Pensando al Bambino:. dotato di ONU simpaticissimo e coloratissimo nebulizzatore Che Aiuta il bimbo uno Vivere piacevolmente l\'aerosol <br/>. Il nebulizzatore Mebby nebulizza il Farmaco rapidamente ed efficacemente <br/>Dotato di comoda borsa per riporre l\'apparecchio ed i Suoi accessori DOPO l\'utilizzo.<br/>	Bebè e bimbi	Sicurezza e salute > Aerosol	http://127.0.0.1/storebaby.it/index.php/articoli_infanzia_aerosol_mebby_nebulbaby.html	http://127.0.0.1/storebaby.it/media/catalog/product/9/0/90703.jpeg	new	49.21 EUR	in stock	Mebby	8025081907033
8025081907194	Kit nebulizzatore mebby nebulbaby	KIT NEBULIZZATORE NEBULBABY<br/>Codice prodotto: 90719<br/><br/>Simpaticissimo e coloratissimo nebulizzatore che aiuta il bimbo a vivere piacevolmente l\'aerosol. Il nebulizzatore Mebby nebulizza il farmaco rapidamente ed efficacemente. Composto da: ampolla, boccaglio, maschera pediatrica e tubo dell’aria.<br/> <br/>	Bebè e bimbi	Sicurezza e salute > Aerosol	http://127.0.0.1/storebaby.it/index.php/articoli_infanzia_kit_nebulizzatore_mebby_nebulbaby.html	http://127.0.0.1/storebaby.it/media/catalog/product/9/0/90719.jpeg	new	17.21 EUR	in stock	Mebby	8025081907194
8025081910286	Termometro digitale flexo 10 sec	FLEXO 10 SEC<br/><br/> CODICE: 91925<br/><br/>Il termometro Mebby Flexo misurare la temperatura in dieci secondi.<br/>Con punta flessibile e morbida, ideale per misurare la temperatura del bambino. Segnalazione tono e impermeabile.<br/>Con funzione di memoria: Ricordo di aver letto scorso.<br/>Un pratico set proteggere il termometro quando non in uso.<br/>	Bebè e bimbi	Sicurezza e salute > Termometri	http://127.0.0.1/storebaby.it/index.php/articoli_infanzia_termometro_digitale_flexo_10_sec.html	http://127.0.0.1/storebaby.it/media/catalog/product/9/1/91925.jpeg	new	7.21 EUR	in stock	Mebby	8025081910286
8025081910729	Mebby gommolo succhietto tutto caucciu\' 0-6 mesi	GOMMOLO GOMMOTTO 0-6<br/><br/> CODICE: 91072<br/><br/>Mebby Gommolo è realizzato completamente in lattice di gomma naturale. <br/>Questo succhietto è piatta e simmetrica per consentire il naturale sviluppo di denti e gengive e non distorcere il palato.<br/>Morbido e delicato in ogni situazione.<br/>Disponibili con tre misure differenti tettarella.<br/>	Bebè e bimbi	Allattamento > Succhietti gommotti	http://127.0.0.1/storebaby.it/index.php/articoli_infanzia_mebby_gommolo_succhietto_tutto_caucciu\'_0-6_mesi.html	http://127.0.0.1/storebaby.it/media/catalog/product/9/1/91072.jpeg	new	3.21 EUR	in stock	Mebby	8025081910729
8025081910736	Mebby gommolo succhietto tutto caucciu\' 6+ mesi	GOMMOLO GOMMOTTO 6 +<br/><br/> CODICE: 91073<br/><br/>Mebby Gommolo è realizzato completamente in lattice di gomma naturale. <br/>Questo succhietto è piatta e simmetrica per consentire il naturale sviluppo di denti e gengive e non distorcere il palato.<br/>Morbido e delicato in ogni situazione.<br/>Disponibili con tre misure differenti tettarella.<br/>	Bebè e bimbi	Allattamento > Succhietti gommotti	http://127.0.0.1/storebaby.it/index.php/articoli_infanzia_mebby_gommolo_succhietto_tutto_caucciu\'_6+_mesi.html	http://127.0.0.1/storebaby.it/media/catalog/product/9/1/91073.jpeg	new	3.21 EUR	in stock	Mebby	8025081910736
8025081910743	Mebby gommolo succhietto tutto caucciu\' 18+ mesi	GOMMOLO GOMMOTTO 18 +<br/><br/> CODICE: 91074<br/><br/>Mebby Gommolo è realizzato completamente in lattice di gomma naturale. <br/>Questo succhietto è piatta e simmetrica per consentire il naturale sviluppo di denti e gengive e non distorcere il palato.<br/>Morbido e delicato in ogni situazione.<br/>Disponibili con tre misure differenti tettarella.<br/>	Bebè e bimbi	Allattamento > Succhietti gommotti	http://127.0.0.1/storebaby.it/index.php/articoli_infanzia_mebby_gommolo_succhietto_tutto_caucciu\'_18+_mesi.html	http://127.0.0.1/storebaby.it/media/catalog/product/9/1/91074.jpeg	new	3.21 EUR	in stock	Mebby	8025081910743
8025081911085	Scaldabiberon universale mebby - casa & auto	OTTIGLIA CASA VELOCE WARMER & CAR<br/>CODICE: 91108<br/><br/>Calore bottiglia Mebby rapido scalda le bottiglie e vasetti di cibo in 3 / 7 minuti, il tempo dipende dalla quantità e dalla temperatura iniziale del cibo.<br/>Riempire il misurino con l\'acqua alla corrispondente linea di riempimento a seconda bottiglie e vasetti. Il scaldabiberon ha una porta dedicata misurino.<br/>Adatto anche per le bottiglie a collo largo. L\'ascensore-out cestello permette di posizionare o rimuovere il vaso cibo facilmente.<br/>Un suono \"acustico\" e la spia luminosa indica che il ciclo di riscaldamento è completo. Il riscaldatore si spegne automaticamente.<br/> <br/>	Bebè e bimbi	Allattamento > Scaldabiberon	http://127.0.0.1/storebaby.it/index.php/articoli_infanzia_scaldabiberon_universale_mebby_-_casa_&_auto.html	http://127.0.0.1/storebaby.it/media/catalog/product/9/1/91108.jpeg	new	32.21 EUR	in stock	Mebby	8025081911085
8003670224143	Quattro	Macchinina con 4 diverse modalità di utilizzo per seguire la crescita del bambino:<br/><br/>1. Dondolo_9-12 mesi<br/>adatto ai più piccoli grazie alle stabili basi basculanti, ai poggia braccia protettivi e alle cinture di sicurezza. <br/> 2.Spingi e Vai_9-18 mesi<br/>con poggiapiedi, cintura di sicurezza e pratico manico che permette all’adulto di spingere e guidare la macchina. <br/><br/>3.Spingi e Cammina_12-18 mesi<br/>aiuta il bambino a sostenersi mentre muove i suoi primi passi offrendogli un comodo appoggio nella maniglia posteriore. <br/><br/>4.Cavalcabile_ 18-36 mesi<br/>permette al bambino di spingersi in autonomia con il movimento delle gambe. <br/>Con centro attività removibile sul volante e portaoggetti. <br/>Dim. : cm 59 x 33 x 60 h. <br/><br/>Disponibile anche nella versione Boy: Cod.67068.200<br/>e nella versione Girl: Cod. 67068.100 <br/> <br/> Eta\':  dai 9 mesi<br/> <br/>	Bebè e bimbi	Giochi > Tricicli - cavalcabili - veicoli  pedale	http://127.0.0.1/storebaby.it/index.php/articoli_infanzia_quattro.html	http://127.0.0.1/storebaby.it/media/catalog/product/2/2/224143.jpeg	new	82.21 EUR	in stock	Chicco	8003670224143
8003670342649	Casina delle api	Girotondo di apine colorate che si muovono al ritmo di una dolce melodia per stimolare le prime percezioni uditive e visive del neonato.<br/>Si applica alla sponda del lettino con l\'apposito supporto regolabile.<br/>Dopo i 6 mesi la casetta può essere utilizzata separatamente come carillon.<br/><br/>Età: +0 anni<br/>	Bebè e bimbi	Giochi > Giostrine - carillon	http://127.0.0.1/storebaby.it/index.php/articoli_infanzia_casina_delle_api.html	http://127.0.0.1/storebaby.it/media/catalog/product/3/4/342649.jpeg	new	37.21 EUR	in stock	Chicco	8003670342649
8003670626466	Rodeo c/dondolo new	Caratteristiche di Rodeo Chicco<br/>L\'intramontabile fascino del cavallo a dondolo si trasforma in puro divertimento quando Rodeo si muove al galoppo.<br/>Con il nuovo sistema di movimento regolabile, la galoppata si adegua al peso del bambino che gradualmente cresce, permettendogli di sfruttare sempre al meglio la sua forza di spinta e mantenendo inalterato il suo divertimento.<br/>E per enfatizzare il gioco basta premere un tasto per sentire anche il suono del galoppo.<br/>Sistema di movimento regolabile:<br/>- bambino fino a 13 kg di peso;<br/>- bambino da 13 a 16 kg di peso;<br/>- bambino oltre i 16 kg di peso;<br/>- blocco della galoppata per utilizzo in configurazione Dondolo o Spingi e Vai.<br/>Suono elettronico del nitrito del cavallo.<br/>Dai 18 mesi in su.<br/>Chicco Rodeo sviluppa le capacità psicomotorie: dondolando, spingendo e galoppando, impara a controllare e coordinare i movimenti.<br/>Stimola l\'immaginazione: vive fantastiche avventure in sella al suo cavallo.<br/>Dimensione: 45 x 54,5 x 38 cm.<br/>Disponibile nelle versioni Miss Rodeo per le bambine e Rodeo per i bambini.<br/>	Bebè e bimbi	Giochi > Tricicli - cavalcabili - veicoli  pedale	http://127.0.0.1/storebaby.it/index.php/articoli_infanzia_rodeo_c/dondolo_new.html	http://127.0.0.1/storebaby.it/media/catalog/product/6/2/626466.jpeg	new	75.21 EUR	in stock	Chicco	8003670626466
8003670687658	Cottage degli animali	Un cottage con 5 animaletti e 5 formine da inserire nei rispettivi fori di porte e tetto.<br/>Tutte le formine si possono poi recuperare aprendo le porticine con la chiave corrispondente per forma e colore oppure sollevando il tetto del cottage.<br/>Cottage degli Animali Chicco è il gioco ideale per stimolare l\'associazione logica e per affinare i movimenti delle mani.<br/>Con pratica maniglia per il trasporto.<br/><br/> Età: 12m+<br/>	Bebè e bimbi	Giochi > Altri giochi	http://127.0.0.1/storebaby.it/index.php/articoli_infanzia_cottage_degli_animali.html	http://127.0.0.1/storebaby.it/media/catalog/product/6/8/687658.jpeg	new	19.21 EUR	in stock	Chicco	8003670687658
8003670696285	Gattino soft	Orsetto Soft Rosa Chicco<br/><br/><br/>Il tenero orsetto pensato per la tua bimba, da abbracciare e coccolare.<br/>Si instaurano cosi le prime relazioni affettive.<br/>La parte in plastica morbida è ideale per il periodo della dentizione. <br/>Età: 0+ mesi <br/>	Bebè e bimbi	Giochi > Sonaglini - trillini - soft toys	http://127.0.0.1/storebaby.it/index.php/articoli_infanzia_gattino_soft.html	http://127.0.0.1/storebaby.it/media/catalog/product/6/9/696285.jpeg	new	11.21 EUR	in stock	Chicco	8003670696285
8008577007219	Wind stop - parabrezza seggiolino anteriore	Parabrezza per bicicletta, realizzato in policarbonato, flessibile ed infrangibile. <br/>Completo di blocco di fissaggio. Protegge il bimbo dal vento in maniera semplice, ma efficace.<br/>	Bebè e bimbi > Trasporto bebè > Passeggini	Passeggio > Accessori biciclette,Sicurezza e salute > Accessori biciclette	http://127.0.0.1/storebaby.it/index.php/articoli_infanzia_wind_stop_-_parabrezza_seggiolino_anteriore.html	http://127.0.0.1/storebaby.it/media/catalog/product/3/7/37210001.jpeg	new	37.21 EUR	in stock	Ok baby	8008577007219
8008577507221	10+  seggiolino posteriore seduta reclinabile arge	Seggiolino per bici posteriore<br/>Il reclinabile granturismo con ABS. Seggiolino posteriore al vertice del mercato in ogni suo dettaglio, a cominciare dalla pregiata imbottitura idrorepellente e atermica.<br/>- Catadiottro rifrangente con 4 led luminosi funzionanti con 4 programmi diversi.<br/>- Il sistema di fissaggio è regolabile longitudinalmente (distanza dalla sella) in 8 diverse posizioni, in modo da garantire l’assetto ottimale su molteplici tipi di telaio.<br/>- Lo schienale dispone di ben 7 differenti inclinazioni e nessuna pregiudica mai la stabilità della bicicletta, perché lo speciale sistema ABS mantiene sempre il baricentro in posizione corretta.<br/>- 10+ utilizza un segnalatore di fissaggio che indica quando il seggiolino è correttamente fissato alla bicicletta.<br/>A norma europea EN14344 A norma europea EN14344<br/>	Bebè e bimbi > Trasporto bebè > Passeggini	Passeggio > Seggiolini e biciclette,Sicurezza e salute > Seggiolini biciclette	http://127.0.0.1/storebaby.it/index.php/articoli_infanzia_10+__seggiolino_posteriore_seduta_reclinabile_arge.html	http://127.0.0.1/storebaby.it/media/catalog/product/3/7/37225020.jpeg	new	74.21 EUR	in stock	Ok baby	8008577507221
8008577007608	Orion - seggiolino anter. attacco tubo sterzo arge	Seggiolino Orion con blocco di fissaggio a inclinazione regolabile e braccio di supporto in dotazione.<br/>N.37603266<br/>La scatola contiene: 1 seggiolino Orion colore 66 + il blocco di fissaggio ad inclinazione regolabile, da fissare alla canna della bicicletta + il braccio di supporto.<br/><br/>Speciale imbottitura idrorepellente per la seduta. I poggiapiedi sono regolabili in base all\'altezza del bambino<br/><br/>Inclinazione del braccio regolabile<br/><br/>Il blocco di fissaggio optional per l\'aggancio alla canna della bici è per: <br/>tubo a sezione tonda ø 28 a 45 mm, o<br/>tubo a sezione ovale ø 28 a 80 mm MAX. E\' disponibile sia singolarmente 37640201  che completo di supporto 37640001.<br/>	Bebè e bimbi > Trasporto bebè > Passeggini	Passeggio > Seggiolini e biciclette,Sicurezza e salute > Seggiolini biciclette	http://127.0.0.1/storebaby.it/index.php/articoli_infanzia_orion_-_seggiolino_anter._attacco_tubo_sterzo_arge.html	http://127.0.0.1/storebaby.it/media/catalog/product/3/7/37603220.jpeg	new	49.21 EUR	in stock	Ok baby	8008577007608
8008577007646	Attacco+braccio di supporto orion (tubo trasversal	locco di fissaggio ad inclinazione regolabile, da fissare alla canna della bicicletta + il braccio di supporto.<br/>Adatto al sediolino Orion Ok baby<br/>	Bebè e bimbi > Trasporto bebè > Passeggini	Passeggio > Accessori biciclette,Sicurezza e salute > Accessori biciclette	http://127.0.0.1/storebaby.it/index.php/articoli_infanzia_attacco+braccio_di_supporto_orion_(tubo_trasversal.html	http://127.0.0.1/storebaby.it/media/catalog/product/3/7/37640001.jpeg	new	24.21 EUR	in stock	Ok baby	8008577007646
8008577007660	Attacco supplementare orion	Da fissare al tubo sotto lo sterzo (diametro 32-52 mm). <br/>Il braccio di supporto non é corredato al blocco di fissaggio<br/>	Bebè e bimbi > Trasporto bebè > Passeggini	Passeggio > Accessori biciclette,Sicurezza e salute > Accessori biciclette	http://127.0.0.1/storebaby.it/index.php/articoli_infanzia_attacco_supplementare_orion.html	http://127.0.0.1/storebaby.it/media/catalog/product/3/7/37660200.jpeg	new	8.21 EUR	in stock	Ok baby	8008577007660
8008577007738	Sunny - casco m (argento) nuova versione	Per bambini di età compresa tra gli 8 mesi ed i 5 anni circa. Disponibile in due taglie: 44-50 e 48-56. Ha la calzata regolabile al millimetro. I fori di aerazione sono protetti da una retina che impedisce l’ingresso di insetti.<br/>I caschetti sono realizzati con il fondo argento, per un minor surriscaldamento della testa sotto il sole.<br/>	Bebè e bimbi > Trasporto bebè > Passeggini	Passeggio > Accessori biciclette,Sicurezza e salute > Accessori biciclette	http://127.0.0.1/storebaby.it/index.php/articoli_infanzia_sunny_-_casco_m_(argento)_nuova_versione.html	http://127.0.0.1/storebaby.it/media/catalog/product/3/7/37735210.jpeg	new	31.21 EUR	in stock	Ok baby	8008577007738
8008577007813	ComodÒ - vasino con porta rotolo carta igienica	Il pannolino non è più nemmeno un ricordo: il mondo degli adulti comincia ad accoglierlo con tanti piccoli accorgimenti: il rotolo di carta igienica non è incluso nella confezione, è inseribile nel vasino anatomico.<br/>	Bebè e bimbi	Bagnetto - igiene - cambio > Vasini	http://127.0.0.1/storebaby.it/index.php/articoli_infanzia_comodo_-_vasino_con_porta_rotolo_carta_igienica.html	http://127.0.0.1/storebaby.it/media/catalog/product/3/7/37810610.jpeg	new	15.21 EUR	in stock	Ok baby	8008577007813
8008577007868	Popup evolution - bianco poltroncina rialzasedia	POPUP EVOLUTION - BIANCO POLTRONCINA RIALZASEDIA<br/>OK BABY<br/>Alzasedia: è il mondo che si deve adattare…<br/><br/>Se è in grado di stare seduto da solo, Popup Evolution lo fa sentire un uguale tra gli adulti. E su tanti, tanti tipi di sedie. Popup Evolution è leggero da trasportare e pratico da utilizzare: la regolazione avviene mediante tre sfere indipendenti con gomma anti-sdrucciolo. Si fissa con una cinghia di ancoraggio. E’ completamente lavabile, senza viti e parti metalliche.<br/><br/>Misura minima della seduta per uso Popup Evolution.<br/><br/>Leggero e pratico da trasportare.<br/><br/>Le 3 sfere regolabili consentono di mantenere la seduta orizzontale.<br/><br/>Misure d’ingombro massimo chiuso:<br/>b cm 36 x h cm 12 x p cm 35<br/><br/>Regolazione altezza:<br/>cm 3 - cm 4 - cm 5 - cm 6,5 -<br/>cm 7,5 - cm 8,5 - cm 10<br/><br/>	Bebè e bimbi	Pappa > Seggioloni pappa	http://127.0.0.1/storebaby.it/index.php/articoli_infanzia_popup_evolution_-_bianco_poltroncina_rialzasedia.html	http://127.0.0.1/storebaby.it/media/catalog/product/3/7/37860121.jpeg	new	33.21 EUR	in stock	Ok baby	8008577007868
8008577007875	Pelly fun - portagiochi per vasca	Che divertente ficcanaso!<br/><br/>Il becco si alza ed ecco tutte le sue cose a portata di mano in un ampio e pratico contenitore. Quando la vasca serve ad un adulto, Pelly Fun ruota discretamente all’esterno. Se c’è bisogno di pulire i giocattolila sacca con tutto il contenuto finisce in lavatrice.<br/>	Bebè e bimbi	Bagnetto - igiene - cambio > Bagnetto	http://127.0.0.1/storebaby.it/index.php/articoli_infanzia_pelly_fun_-_portagiochi_per_vasca.html	http://127.0.0.1/storebaby.it/media/catalog/product/3/7/37870010.jpeg	new	16.21 EUR	in stock	Ok baby	8008577007875
8008577007882	Hi seat - poltroncina rialzasedia	Per accostarsi facilmente al tavolo degli adulti!<br/><br/>Un comodo alza sedia con seduta anatomica. Hi Seat Evolution cresce con il tuo bambino: è regolabile in due altezze. Il vassoio è regolabile in più posizioni e completamente amovibile. Hi Seat è leggero, compatto: ti segue ovunque.<br/><br/>Posizione alta 12 cm <br/><br/>Posizione bassa 8 cm<br/><br/>Facile da trasportare.<br/><br/>Misure d’ingombro chiuso:<br/>b cm 36 x h cm 21 x p cm 32<br/><br/>	Bebè e bimbi	Pappa > Seggioloni pappa	http://127.0.0.1/storebaby.it/index.php/articoli_infanzia_hi_seat_-_poltroncina_rialzasedia.html	http://127.0.0.1/storebaby.it/media/catalog/product/3/7/37880010.jpeg	new	24.21 EUR	in stock	Ok baby	8008577007882
8008577008018	Moby pad - cuscino inginocchiatoio	Qualche volta bisogna pensare anche a mamma e papà.<br/><br/>Con il suo spessore morbido e comodo, Moby Pad protegge le ginocchia dalla durezza del pavimento e dall’umidità. Le sue ventose antiscivolo lo rendono stabile. È utilizzabile anche come poggiatesta.<br/><br/>Misure d’ingombro massimo:<br/>b cm 45 x h cm 3 x p cm 23,5<br/>	Bebè e bimbi	Bagnetto - igiene - cambio > Bagnetto	http://127.0.0.1/storebaby.it/index.php/articoli_infanzia_moby_pad_-_cuscino_inginocchiatoio.html	http://127.0.0.1/storebaby.it/media/catalog/product/3/8/38010000.jpeg	new	8.21 EUR	in stock	Ok baby	8008577008018
8008577008070	No-shock - berretto proteggi testa  blu	La simpatia di un cappellino, la protezione di un vero caschetto.<br/><br/>No Shock ripara le fontanelle della testa e tutte le zone sensibili del capo. Preserva il suo cervello da urti e colpi grazie all’imbottitura di schiume poliolefiniche reticolate e microforate. E’ adeguabile alla conformazione del capo di qualsiasi bambino. Il velcro di regolazione microplast, per la sistemazione di circonferenza, fronte-nuca, tempia, è delicato  con la pelle. La cinghia di regolazione gola ha una tenuta di sicurezza fino a 10 Kg ca. Il rivestimento esterno è in tessuto 100% poliestere resistente agli sfregamenti. Il rivestimento interno, in speciale panno morbido, è trattato con metodo Sanitized® per eliminare e prevenire la formazione di muffe e batteri.<br/><br/>Rivoltata verso l’alto, la visiera raddoppia la protezione calcolata per il setto nasale.<br/><br/><br/><br/>	Bebè e bimbi	Sicurezza e salute > Accessori sicurezza casa	http://127.0.0.1/storebaby.it/index.php/articoli_infanzia_no-shock_-_berretto_proteggi_testa__blu.html	http://127.0.0.1/storebaby.it/media/catalog/product/3/8/38070030.jpeg	new	30.21 EUR	in stock	Ok baby	8008577008070
8008577008100	Salva sonno - barriera per letto	Dormire un sonno fatato e sicuro. Il lettino può diventare un recinto magico quando è delimitato da questa barrierina con luna e stelline che brillano al buio. E’ applicabile a letti sia con sponda che senza<br/><br/>Le stelle brillano al buio<br/><br/>Decorazione unisex<br/><br/>È adatto a materassi di altezza massima di cm 14<br/><br/>Misure d\'ingombro massimo:<br/>b cm 100 x h cm 33,5 x p cm 14<br/>	Bebè e bimbi	Sicurezza e salute > Barriera letto	http://127.0.0.1/storebaby.it/index.php/articoli_infanzia_salva_sonno_-_barriera_per_letto.html	http://127.0.0.1/storebaby.it/media/catalog/product/3/8/38100010.jpeg	new	44.21 EUR	in stock	Ok baby	8008577008100
0735259002283	Il primo libro-double-sided first book - tl00228	CENTRI ATTIVITA’<br/>TL00228<br/><br/>Double-Sided First Book<br/><br/>Un libro educativo a due fasi di sviluppo<br/><br/>Incoraggia lo stimolo visivo e<br/>l’intrattenimento a pancia in giù, di<br/>modo che il bambino si abitui ad<br/>alzare la testa, rinforzando il collo.<br/>• Due lati per due diverse fasi di<br/>sviluppo<br/>• Immagine con effetto 3D<br/><br/>ACCESSORI:<br/><br/>Colori ad alto contrasto: bianco, nero e rosso<br/>Colori brillanti e illustrazioni 3D<br/><br/><br/>0m+<br/>	Bebè e bimbi	Giochi > Sonaglini - trillini - soft toys	http://127.0.0.1/storebaby.it/index.php/articoli_infanzia_il_primo_libro-double-sided_first_book_-_tl00228.html	http://127.0.0.1/storebaby.it/media/catalog/product/t/l/tl00228.jpeg	new	12.21 EUR	in stock	Tiny love	0735259002283
0735259002443	Piramide musicale-musical stack&ball game - tl0024	CENTRI ATTIVITA’<br/>TL00244<br/><br/>Musical Stack & Ball Game<br/>Stimolante gioco elettronico , combinazione<br/>di impianelli e palline<br/><br/>• Incoraggia il bambino ad interagire<br/>con il personaggio<br/>• Sviluppa la sensibilità del bambino<br/>verso superfici tattili diverse<br/>• Suoni e musica<br/><br/><br/>ACCESSORI:<br/><br/><br/>Testa dell’elefante<br/>ad imbuto<br/>4 palline colorate<br/>a sonaglio<br/>Luci e musica<br/><br/>Gioco elettronico<br/>Divertente impianelli e palline<br/><br/>Necessita di 3 pile AA da 1,5 V<br/>(batterie di prova incluse)<br/><br/><br/>6m+<br/><br/><br/><br/><br/><br/>	Bebè e bimbi	Giochi > Altri giochi	http://127.0.0.1/storebaby.it/index.php/articoli_infanzia_piramide_musicale-musical_stack&ball_game_-_tl0024.html	http://127.0.0.1/storebaby.it/media/catalog/product/t/l/tl00244.jpeg	new	24.21 EUR	in stock	Tiny love	0735259002443
0735259002450	Gioco a banana-fruity pals banana - tl00245	BANANA ANNA<br/>TL00245<br/><br/>ACCESSORI:<br/><br/>-Gambe e braccia da tirare<br/>-Dentaruolo morbido<br/><br/>Gioco da tirare vibrante nascosto all’interno<br/><br/>6-24m<br/>	Bebè e bimbi	Giochi > Sonaglini - trillini - soft toys	http://127.0.0.1/storebaby.it/index.php/articoli_infanzia_gioco_a_banana-fruity_pals_banana_-_tl00245.html	http://127.0.0.1/storebaby.it/media/catalog/product/t/l/tl00245.jpeg	new	16.21 EUR	in stock	Tiny love	0735259002450
0735259002542	Arco gioco per seggiolini auto, passeggini, carroz	GIOCATTOLI ON-THE-GO<br/>TL00381 - TL00254<br/><br/>Musical Take-Along Arch™<br/><br/>Flessibile e ricco di giochi divertenti<br/>Adatto a passeggini, seggiolini auto e culle,<br/>delizia il bambino coi suoi colori brillanti ed<br/>i soffici giochini. L’aggancio a clip consente<br/>un semplice e veloce posizionamento<br/>e dispone di un sistema di regolazione<br/>dell’angolazione, fettuccine supplementari<br/>fissate all’arco consentono di appendere<br/>altri giochi oltre a quelli in dotazione.<br/><br/>ACCESSORI:<br/>Angolatura regolabile dell’aggancio<br/>Tartaruga musicale<br/>Ippopotamo musicale<br/><br/>0m+<br/>	Bebè e bimbi	Giochi > Sonaglini - trillini - soft toys	http://127.0.0.1/storebaby.it/index.php/articoli_infanzia_arco_gioco_per_seggiolini_auto,_passeggini,_carroz.html	http://127.0.0.1/storebaby.it/media/catalog/product/t/l/tl00254.jpeg	new	24.21 EUR	in stock	Tiny love	0735259002542
0735259002580	Palla-tiny smart spin ball - tl00258	SPIN-BALL<br/>TL00258<br/><br/>ACCESSORI:<br/><br/>-Sonaglio<br/>-Vibrazione<br/>-Tessuto frusciante<br/><br/>SIMPATICA PALLINA CHE STIMOLA I SENSI<br/><br/>6m+<br/>	Bebè e bimbi	Giochi > Sonaglini - trillini - soft toys	http://127.0.0.1/storebaby.it/index.php/articoli_infanzia_palla-tiny_smart_spin_ball_-_tl00258.html	http://127.0.0.1/storebaby.it/media/catalog/product/t/l/tl00258.jpeg	new	10.21 EUR	in stock	Tiny love	0735259002580
0735259002634	Palestrina gioco - luci e suoni-gymini kick & play	PALESTRINE<br/>TL00263<br/><br/>Gymini® Kick & Play<br/>Palestrina di ultima generazione<br/>Offre una soluzione per una ampia varietà<br/>di sfide per lo sviluppo sensoriale,<br/>fisico ed emotivo del bambino<br/>nei suoi primi mesi di vita.<br/>• 10 minuti di musica classica<br/>rilassante e stimolante<br/>• 17 attività di intrattenimento<br/><br/>ACCESSORI:<br/>Giraffa con criniera da tastare<br/>Campanella a papera<br/>Specchio <br/>Sonaglio <br/>Leone frusciante<br/>Cuscinetto touch-pad attivabile dal bambino<br/>Dentaruolo a foglia<br/><br/>Regolabile in due posizioni:<br/>in posizione piana, funziona come un<br/>touch pad; quando il tappetino è sollevato<br/>e posizionato perpendicolarmente,<br/>diventa una tastiera musicale da scalciare.<br/><br/>3 modi di utilizzo<br/><br/>Lati alzati e chiusi<br/><br/>Lati aperti<br/><br/>Lati aperti senza archi<br/><br/>Necessita di 3 pile a bottone<br/>1.5v AA/LR6 (non incluse)<br/><br/>0m+<br/><br/>	Bebè e bimbi	Giochi > Palestrine - tappeti	http://127.0.0.1/storebaby.it/index.php/articoli_infanzia_palestrina_gioco_-_luci_e_suoni-gymini_kick_&_play.html	http://127.0.0.1/storebaby.it/media/catalog/product/t/l/tl00263.jpeg	new	70.21 EUR	in stock	Tiny love	0735259002634
8008577008094	Kit barre di supporto per onda	Le barre di sostegno ad espansione che consentono il fissaggio di Onda sulla vasca per adulti.<br/>Per il loro utilizzo la vasca da bagno deve avere un bordo di almeno 2 cm. e la sua larghezza interna deve da un minimo di 53 cm. a un massimo di 75 cm<br/>	Bebè e bimbi	Bagnetto - igiene - cambio > Bagnetto	http://127.0.0.1/storebaby.it/index.php/articoli_infanzia_kit_barre_di_supporto_per_onda.html	http://127.0.0.1/storebaby.it/media/catalog/product/3/8/38090003.jpeg	new	18.21 EUR	in stock	Ok baby	8008577008094
5010415548009	Ricarica per sangenic mk3 e maxi +6 mesi	DESCRZIONE<br/><br/>Ricarica di sacchetti adatta sia per il bidoncino Sangenic da 28 pannolini (modello 2008), sia per quello da 55. <br/>In plastica spessa, i sacchetti isolano perfettamente dagli odori.<br/>Ogni ricarica può sigillare circa 160 pannolini da neonato o 70 da adulto<br/>	Bebè e bimbi	Bagnetto - igiene - cambio > Pannolini	http://127.0.0.1/storebaby.it/index.php/articoli_infanzia_ricarica_per_sangenic_mk3_e_maxi_+6_mesi.html	http://127.0.0.1/storebaby.it/media/catalog/product/5/0/5010415548009.jpeg	new	9.21 EUR	in stock	Sangenic	5010415548009
5010415302168	Posate con custodia da viaggio exp	• •Facile presa<br/>• •Forchetta e cucchiaio<br/>• •Acciaio inossidabile durevole<br/>• •Custodia da viaggio inclusa<br/>• Senza bisfenolo-A (BPA)<br/>• Senza ftalati<br/>	Bebè e bimbi	Pappa > Accessori pappa	http://127.0.0.1/storebaby.it/index.php/articoli_infanzia_posate_con_custodia_da_viaggio_exp.html	http://127.0.0.1/storebaby.it/media/catalog/product/4/3/43021661.jpeg	new	8.21 EUR	in stock	Tommee tippee	5010415302168
5010415302342	Ciotola a 2 scomparti exp	• Due sezioni per conservare facilmente cibi diversi<br/> <br/>• Sicuro in forno a microonde, freezer e lavastoviglie<br/> <br/>• Coperchio a prova di perdita<br/> <br/>• Cucchiaio per lo svezzamento incluso<br/> <br/>• Ideale per i viaggi<br/><br/>N.B. (IL PREZZO E’ PER CADAUNO ARTICOLO!)<br/>	Bebè e bimbi	Pappa > Accessori pappa	http://127.0.0.1/storebaby.it/index.php/articoli_infanzia_ciotola_a_2_scomparti_exp.html	http://127.0.0.1/storebaby.it/media/catalog/product/4/3/43023461.jpeg	new	7.21 EUR	in stock	Tommee tippee	5010415302342
5010415302366	Contenitori per cibo con coperchio exp	• Utilizzabile in forno a microonde, lavastoviglie e freezer<br/> <br/>• Coperchio a prova di perdita<br/> <br/>• Facile da tenere grazie al manico e al particolare materiale<br/> <br/>• Ideale per i viaggi<br/><br/>N.B. (IL PREZZO E’ PER CADAUNO ARTICOLO!)<br/>	Bebè e bimbi	Pappa > Accessori pappa	http://127.0.0.1/storebaby.it/index.php/articoli_infanzia_contenitori_per_cibo_con_coperchio_exp.html	http://127.0.0.1/storebaby.it/media/catalog/product/4/3/43023661.jpeg	new	7.21 EUR	in stock	Tommee tippee	5010415302366
5010415302540	Ciotole svezzamento &coperchio x2 exp	• Utilizzabile in forno a microonde, lavastoviglie e freezer<br/><br/>• Coperchio a prova di perdita<br/> <br/>• Cucchiaio per lo svezzamento incluso<br/> <br/>• Facile da tenere con il manico<br/> <br/>• Ideale per i viaggi<br/><br/>2 PEZZI TINTA UNITA UGUALE<br/>N.B. (IL PREZZO E’ PER I DUE PEZZI!)<br/>	Bebè e bimbi	Pappa > Accessori pappa	http://127.0.0.1/storebaby.it/index.php/articoli_infanzia_ciotole_svezzamento_&coperchio_x2_exp.html	http://127.0.0.1/storebaby.it/media/catalog/product/4/3/43025461.jpeg	new	8.21 EUR	in stock	Tommee tippee	5010415302540
8011250014220	Koala marsupio col. rosa (cod.022)  art14	Marsupio Koala Hello Kitty <br/>Avvolgente e anatomico 0m+<br/>Quando sei a spasso, il tuo bambino ha bisogno di sentire la tua presenza a stretto contatto. Il marsupio per neonato Koala lo tiene al sicuro, sia quando lo sguardo è rivolto verso la mamma, con la testa sempre ben sorretta dal morbido rinforzo, sia quando è rivolto verso il mondo, tutto nuovo, da esplorare. Il bavaglino in spugna protegge la bocca del tuo piccolo mentre gli spallacci, morbidi e comodi, ti permettono di passeggiare con il tuo bambino nel massimo comfort.<br/> <br/>Caratteristiche Marsupio Koala Hello Kitty Silver<br/>• Omologato EN 1329-2<br/>• Età di utilizzo consigliata: dalla nascita (min. 3,5 kg) a 9 mesi (fino a 9 kg)-<br/>• Poggiatesta rinforzato<br/>• Morbidi spallacci imbottiti e regolabili<br/>• Dotato di utile bavaglino in spugna<br/>• Gancio laterale regolabile secondo la crescita del bambino<br/>• Facili punti di aggancio con fermi di sicurezza<br/>• Posizione lato mamma: fino a 6 mesi consente un contatto fisico molto stretto<br/>• Posizione lato mondo: dai 6 mesi consente al bambino di interagire con l’esterno<br/>	Bebè e bimbi > Trasporto bebè > Passeggini	Passeggio > Marsupi e zaini	http://127.0.0.1/storebaby.it/index.php/articoli_infanzia_koala_marsupio_col._rosa_(cod.022)__art14.html	http://127.0.0.1/storebaby.it/media/catalog/product/8/0/8011250014220.jpeg	new	48.21 EUR	in stock	Brevi hk	8011250014220
8011250209091	Rocky zaino-colore9 art209	Il Club Alpino Italiano ha adottato gli zaini Rocky brevi come miglior prodotto tecnico per il trekking con bambini fino a 15 kg.<br/>Brevi aderisce al progetto CAI-UNICEF \" Aiutiamo i giovani a scalare il futuro\".<br/><br/>Rocky <br/>Zaino port enfant 9m+<br/>Il tuo bambino cresce e il contatto con la natura è parte<br/>fondamentale della sua crescita. Mare, montagna e collina<br/>sono luoghi in cui il tuo bambino può arricchire le sue<br/>esperienze sensoriali e di relazione. Un’aria più pulita, una<br/>luminosità del paesaggio diversa da quella di tutti i giorni,<br/>colori e suoni di una natura incontaminata sono un toccasana per il tuo bambino. Sicurezza e organizzazione sono le parole chiave per affrontare in serenità una passeggiata in<br/>montagna con il proprio bambino. Comodamente seduto, il piccolo viene messo nella condizione di osservare il paesaggio che si stende intorno a lui, di esercitare la vista a distanze<br/>diverse, di arricchire la gamma di suoni e di colori che sino ad allora ha potuto conoscere. Per questo è importante scegliere zaini tecnici port enfant che offrano la massima sicurezza per il tuo bambino e il massimo comfort nel trasporto per il papà o la mamma.<br/>Rocky è lo zaino tecnico Brevi omologato sino a 15 kg. <br/>È dotato di una pratica e confortevole imbracatura di sicurezza a 4 punti per il bambino, regolabili, con morbidi spallacci e coprifibbia imbottiti. Il telaio è leggero in alluminio<br/>per non gravare ulteriormente sulle spalle del papà e dotato<br/>di una base di appoggio affinché possa essere adagiato a terra. <br/>Le caratteristiche di Rocky sono davvero esclusive,<br/>tanto che il Club Alpino Italiano lo ha adottato come miglior<br/>prodotto tecnico per il trekking dei bambini fino a 15 kg, riconoscendo la sua eccellenza tecnica e funzionale. <br/>Rivestito di robusto tessuto tecnico lavabile è dotato di numerose<br/>tasche per avere tutto a portata di mano: una tasca porta biberon posta sul lato, due tasche portaoggetti poste sul retro e un comodo marsupio sfilabile sulla cintura vita. Con Rocky<br/>il tuo bambino  può scoprire la natura sulle spalle di papà in<br/>tutta comodità. Gli zaini port enfant Rocky sono omologati<br/>secondo la normativa europea EN 13209-1<br/>(cod. 209)<br/>	Bebè e bimbi > Trasporto bebè > Passeggini	Passeggio > Marsupi e zaini	http://127.0.0.1/storebaby.it/index.php/articoli_infanzia_rocky_zaino-colore9_art209.html	http://127.0.0.1/storebaby.it/media/catalog/product/z/a/zaino_rocky.jpeg	new	90.21 EUR	in stock	Brevi	8011250209091
8011250210370	Seggiolone slex  -  037	Slex è la sedia-pappa innovativa che:<br/>- avvicina il bambino sin dai primi mesi alla vita in famiglia<br/>- stimola la crescita incoraggiando i momenti di interazione. <br/><br/>Brevi sa che i bambini amano crescere vicini al mondo che li circonda, e che è importante condividere con loro le occasioni di unione.<br/>(cod. 210)<br/><br/>Sedia-pappa 6m+<br/>I bambini amano crescere vicini al mondo che li circonda. È importante quindi condividere con loro tutte le<br/>occasioni di unione. La pappa è una di queste. Quando il bambino riesce a reggere il collo da solo è arrivato il momento di dargli la pappa da seduto. Non è un momento semplice per il bambino, abituato a essere nutrito in braccio alla mamma o al papà e scegliere il supporto giusto per la sua pappa, non è così banale<br/>come sembrerebbe, perché la sedia dove “farà la pappa” diventerà il luogo speciale per la sua nutrizione e<br/>dove apprendere la capacità di relazionarsi con le persone. Per questo è importante scegliere un prodotto<br/>che avvicini sin dai primi mesi di vita il bambino al tavolo da pranzo, il piano d’appoggio più grande che ci sia. <br/>Se il tuo bambino, da subito, potrà mangiare con i grandi intorno al tavolo e sedere alla loro stessa altezza,<br/>crescerà sicuro di sé e curioso perché potrà osservare la vita degli adulti. Sedere con i grandi, significa<br/>incoraggiare i momenti d’interazione e stimolare la crescita del bambino e la sua socialità con le persone. <br/>Le teorie pedagogiche più avanzate dimostrano come il momento sociale della pappa sia fondamentale<br/>per la crescita del bambino. Non importa se i tempi della sua pappa precedono il pranzo o la cena degli<br/>adulti. È importante che lui possa stare con i grandi quando sono a tavola<br/>SLEX è la sedia-pappa che accompagna la crescita del piccolo nel momento della pappa.<br/>È innovativa nella sua concezione, perché è una vera e propria sedia allestita per accogliere in modo<br/>confortevole e sicuro il bambino. Offre tutte le comodità di un comune seggiolone ma è molto più<br/>di un seggiolone:<br/>è meno ingombrante e può essere comodamente accostata al  tavolo dopo il suo utilizzo perché <br/>le gambe non sono a compasso (come nei seggioloni tradizionali). È molto utile quindi anche per chi ha una cucina piccola ha la seduta regolabile in moltissime posizioni per adattarsi al l’altezza del bambino e all’altezza del tavolo da pranzo è una sedia evolutiva. <br/>Cresce con il bambino perché si trasforma in una sedia utile nell’età prescolare, quando il tuo <br/>bambino dovrà appoggiare i piedini per tenere la schiena diritta quando seduto<br/>è un investimento che dura nel  tempo.<br/>La sedia pappa più amata dalle mamme.<br/>Le sedie-pappa Slex sono omologate secondo la normativa europea<br/>EN 14988 – EN 1728 (cod. 210)<br/>Sempre all’altezza giusta.<br/>La seduta di SLEX è facilmente regolabile in base all’altezza del bimbo, grazie a 2 semplici leve, brevetto<br/>SLEX, per consentire una corretta postura del collo, delle spalle e della schiena.<br/>Libero e sicuro.<br/>Cinture di sicurezza a quattro punti ad  aggancio rapido: tutta libertà nella massima sicurezza<br/>Bimbi seduti in modo corretto a tutte le età.<br/>Lo schienale ergonomico di supporto consente di adattare la seduta del bambino: così anche i più piccini possono essere accostati al piano d’appoggio del tavolo. Quando il bambino cresce è necessario affrontare il problema di una sedia adatta a lui: Slex è la soluzione ideale anche per la pappa dei bambini a partire dai due anni. Slex si adatta alle dimensioni del tuo bambino, che può stare seduto intorno al tavolo con i gomiti all’altezza giusta, la schiena diritta e i piedi ben appoggiati, garantendo sempre e in modo naturale una corretta postura della colonna vertebrale<br/>Caratteristiche<br/>Omologato TÜV e BSI STANDARDS<br/>Design ergonomico<br/>Telaio in acciaio, seduta e schienale in polipropilene: tutti i prodotti Brevi sono realizzati con materiali atossici nel rispetto delle normative di sicurezza internazionali. <br/>Posizioni seduta: possibilità di escursione da 40 a 72 cm.<br/>Offre diverse configurazioni: sedia-pappa per bambini da 6 <br/>mesi, sedia-pappa per l’età prescolare (3-5 anni), sedia-sgabello per gli adulti.<br/>Ideale anche per i banconi cucina: l’altezza massima della seduta è 72 cm.<br/>Meno ingombrante e più compatto di un seggiolone tradizionale, è perfetto anche per le cucine più piccole.<br/>Facile da pulire con semplice panno umido.<br/>Facile da smontare e da spostare grazie alla presa ergonomica nello schienale.<br/>Brevetti internazionali (Europa, Giappone, Usa).<br/>Cinture di sicurezza a 4 punti per il bambino a partire dai 6 mesi.<br/>Schienale ergonomico removibile.<br/>Di supporto per i primi mesi, con due semplici regolazioni per essere adattato all’età del bimbo.<br/>Rail di sicurezza per i bambini piccoli. È removibile per adattarsi alla<br/>crescita del bambino.<br/>Poggiapiedi removibile. <br/>Regolabile in 5 posizioni, per raggiungere gli oggetti sul tavolo.<br/>Una sedia che dura nel tempo. <br/>Slex accompagna la crescita del bambino seguendolo a ogni età, dalla prima pappa alla prima cotta.<br/>È un’idea che dura a lungo: SLEX si trasforma in una comoda sedia, per i momenti di studio e di relax,<br/>perfetta anche per mamma e per papà.<br/>	Bebè e bimbi	Pappa > Seggioloni pappa	http://127.0.0.1/storebaby.it/index.php/articoli_infanzia_seggiolone_slex__-__037.html	http://127.0.0.1/storebaby.it/media/catalog/product/s/l/slex_037.jpeg	new	131.21 EUR	in stock	Brevi	8011250210370
8011250210592	Seggiolone slex  -  059	Slex è la sedia-pappa innovativa che:<br/>- avvicina il bambino sin dai primi mesi alla vita in famiglia<br/>- stimola la crescita incoraggiando i momenti di interazione. <br/><br/>Brevi sa che i bambini amano crescere vicini al mondo che li circonda, e che è importante condividere con loro le occasioni di unione.<br/>(cod. 210)<br/><br/>Sedia-pappa 6m+<br/>I bambini amano crescere vicini al mondo che li circonda. È importante quindi condividere con loro tutte le<br/>occasioni di unione. La pappa è una di queste. Quando il bambino riesce a reggere il collo da solo è arrivato il momento di dargli la pappa da seduto. Non è un momento semplice per il bambino, abituato a essere nutrito in braccio alla mamma o al papà e scegliere il supporto giusto per la sua pappa, non è così banale<br/>come sembrerebbe, perché la sedia dove “farà la pappa” diventerà il luogo speciale per la sua nutrizione e<br/>dove apprendere la capacità di relazionarsi con le persone. Per questo è importante scegliere un prodotto<br/>che avvicini sin dai primi mesi di vita il bambino al tavolo da pranzo, il piano d’appoggio più grande che ci sia. <br/>Se il tuo bambino, da subito, potrà mangiare con i grandi intorno al tavolo e sedere alla loro stessa altezza,<br/>crescerà sicuro di sé e curioso perché potrà osservare la vita degli adulti. Sedere con i grandi, significa<br/>incoraggiare i momenti d’interazione e stimolare la crescita del bambino e la sua socialità con le persone. <br/>Le teorie pedagogiche più avanzate dimostrano come il momento sociale della pappa sia fondamentale<br/>per la crescita del bambino. Non importa se i tempi della sua pappa precedono il pranzo o la cena degli<br/>adulti. È importante che lui possa stare con i grandi quando sono a tavola<br/>SLEX è la sedia-pappa che accompagna la crescita del piccolo nel momento della pappa.<br/>È innovativa nella sua concezione, perché è una vera e propria sedia allestita per accogliere in modo<br/>confortevole e sicuro il bambino. Offre tutte le comodità di un comune seggiolone ma è molto più<br/>di un seggiolone:<br/>è meno ingombrante e può essere comodamente accostata al  tavolo dopo il suo utilizzo perché <br/>le gambe non sono a compasso (come nei seggioloni tradizionali). È molto utile quindi anche per chi ha una cucina piccola ha la seduta regolabile in moltissime posizioni per adattarsi al l’altezza del bambino e all’altezza del tavolo da pranzo è una sedia evolutiva. <br/>Cresce con il bambino perché si trasforma in una sedia utile nell’età prescolare, quando il tuo <br/>bambino dovrà appoggiare i piedini per tenere la schiena diritta quando seduto<br/>è un investimento che dura nel  tempo.<br/>La sedia pappa più amata dalle mamme.<br/>Le sedie-pappa Slex sono omologate secondo la normativa europea<br/>EN 14988 – EN 1728 (cod. 210)<br/>Sempre all’altezza giusta.<br/>La seduta di SLEX è facilmente regolabile in base all’altezza del bimbo, grazie a 2 semplici leve, brevetto<br/>SLEX, per consentire una corretta postura del collo, delle spalle e della schiena.<br/>Libero e sicuro.<br/>Cinture di sicurezza a quattro punti ad  aggancio rapido: tutta libertà nella massima sicurezza<br/>Bimbi seduti in modo corretto a tutte le età.<br/>Lo schienale ergonomico di supporto consente di adattare la seduta del bambino: così anche i più piccini possono essere accostati al piano d’appoggio del tavolo. Quando il bambino cresce è necessario affrontare il problema di una sedia adatta a lui: Slex è la soluzione ideale anche per la pappa dei bambini a partire dai due anni. Slex si adatta alle dimensioni del tuo bambino, che può stare seduto intorno al tavolo con i gomiti all’altezza giusta, la schiena diritta e i piedi ben appoggiati, garantendo sempre e in modo naturale una corretta postura della colonna vertebrale<br/>Caratteristiche<br/>Omologato TÜV e BSI STANDARDS<br/>Design ergonomico<br/>Telaio in acciaio, seduta e schienale in polipropilene: tutti i prodotti Brevi sono realizzati con materiali atossici nel rispetto delle normative di sicurezza internazionali. <br/>Posizioni seduta: possibilità di escursione da 40 a 72 cm.<br/>Offre diverse configurazioni: sedia-pappa per bambini da 6 <br/>mesi, sedia-pappa per l’età prescolare (3-5 anni), sedia-sgabello per gli adulti.<br/>Ideale anche per i banconi cucina: l’altezza massima della seduta è 72 cm.<br/>Meno ingombrante e più compatto di un seggiolone tradizionale, è perfetto anche per le cucine più piccole.<br/>Facile da pulire con semplice panno umido.<br/>Facile da smontare e da spostare grazie alla presa ergonomica nello schienale.<br/>Brevetti internazionali (Europa, Giappone, Usa).<br/>Cinture di sicurezza a 4 punti per il bambino a partire dai 6 mesi.<br/>Schienale ergonomico removibile.<br/>Di supporto per i primi mesi, con due semplici regolazioni per essere adattato all’età del bimbo.<br/>Rail di sicurezza per i bambini piccoli. È removibile per adattarsi alla<br/>crescita del bambino.<br/>Poggiapiedi removibile. <br/>Regolabile in 5 posizioni, per raggiungere gli oggetti sul tavolo.<br/>Una sedia che dura nel tempo. <br/>Slex accompagna la crescita del bambino seguendolo a ogni età, dalla prima pappa alla prima cotta.<br/>È un’idea che dura a lungo: SLEX si trasforma in una comoda sedia, per i momenti di studio e di relax,<br/>perfetta anche per mamma e per papà.<br/>	Bebè e bimbi	Pappa > Seggioloni pappa	http://127.0.0.1/storebaby.it/index.php/articoli_infanzia_seggiolone_slex__-__059.html	http://127.0.0.1/storebaby.it/media/catalog/product/s/l/slex_059.jpeg	new	131.21 EUR	in stock	Brevi	8011250210592
8011250210813	Seggiolone slex  -  081	Slex è la sedia-pappa innovativa che:<br/>- avvicina il bambino sin dai primi mesi alla vita in famiglia<br/>- stimola la crescita incoraggiando i momenti di interazione. <br/><br/>Brevi sa che i bambini amano crescere vicini al mondo che li circonda, e che è importante condividere con loro le occasioni di unione.<br/>(cod. 210)<br/><br/>Sedia-pappa 6m+<br/>I bambini amano crescere vicini al mondo che li circonda. È importante quindi condividere con loro tutte le<br/>occasioni di unione. La pappa è una di queste. Quando il bambino riesce a reggere il collo da solo è arrivato il momento di dargli la pappa da seduto. Non è un momento semplice per il bambino, abituato a essere nutrito in braccio alla mamma o al papà e scegliere il supporto giusto per la sua pappa, non è così banale<br/>come sembrerebbe, perché la sedia dove “farà la pappa” diventerà il luogo speciale per la sua nutrizione e<br/>dove apprendere la capacità di relazionarsi con le persone. Per questo è importante scegliere un prodotto<br/>che avvicini sin dai primi mesi di vita il bambino al tavolo da pranzo, il piano d’appoggio più grande che ci sia. <br/>Se il tuo bambino, da subito, potrà mangiare con i grandi intorno al tavolo e sedere alla loro stessa altezza,<br/>crescerà sicuro di sé e curioso perché potrà osservare la vita degli adulti. Sedere con i grandi, significa<br/>incoraggiare i momenti d’interazione e stimolare la crescita del bambino e la sua socialità con le persone. <br/>Le teorie pedagogiche più avanzate dimostrano come il momento sociale della pappa sia fondamentale<br/>per la crescita del bambino. Non importa se i tempi della sua pappa precedono il pranzo o la cena degli<br/>adulti. È importante che lui possa stare con i grandi quando sono a tavola<br/>SLEX è la sedia-pappa che accompagna la crescita del piccolo nel momento della pappa.<br/>È innovativa nella sua concezione, perché è una vera e propria sedia allestita per accogliere in modo<br/>confortevole e sicuro il bambino. Offre tutte le comodità di un comune seggiolone ma è molto più<br/>di un seggiolone:<br/>è meno ingombrante e può essere comodamente accostata al  tavolo dopo il suo utilizzo perché <br/>le gambe non sono a compasso (come nei seggioloni tradizionali). È molto utile quindi anche per chi ha una cucina piccola ha la seduta regolabile in moltissime posizioni per adattarsi al l’altezza del bambino e all’altezza del tavolo da pranzo è una sedia evolutiva. <br/>Cresce con il bambino perché si trasforma in una sedia utile nell’età prescolare, quando il tuo <br/>bambino dovrà appoggiare i piedini per tenere la schiena diritta quando seduto<br/>è un investimento che dura nel  tempo.<br/>La sedia pappa più amata dalle mamme.<br/>Le sedie-pappa Slex sono omologate secondo la normativa europea<br/>EN 14988 – EN 1728 (cod. 210)<br/>Sempre all’altezza giusta.<br/>La seduta di SLEX è facilmente regolabile in base all’altezza del bimbo, grazie a 2 semplici leve, brevetto<br/>SLEX, per consentire una corretta postura del collo, delle spalle e della schiena.<br/>Libero e sicuro.<br/>Cinture di sicurezza a quattro punti ad  aggancio rapido: tutta libertà nella massima sicurezza<br/>Bimbi seduti in modo corretto a tutte le età.<br/>Lo schienale ergonomico di supporto consente di adattare la seduta del bambino: così anche i più piccini possono essere accostati al piano d’appoggio del tavolo. Quando il bambino cresce è necessario affrontare il problema di una sedia adatta a lui: Slex è la soluzione ideale anche per la pappa dei bambini a partire dai due anni. Slex si adatta alle dimensioni del tuo bambino, che può stare seduto intorno al tavolo con i gomiti all’altezza giusta, la schiena diritta e i piedi ben appoggiati, garantendo sempre e in modo naturale una corretta postura della colonna vertebrale<br/>Caratteristiche<br/>Omologato TÜV e BSI STANDARDS<br/>Design ergonomico<br/>Telaio in acciaio, seduta e schienale in polipropilene: tutti i prodotti Brevi sono realizzati con materiali atossici nel rispetto delle normative di sicurezza internazionali. <br/>Posizioni seduta: possibilità di escursione da 40 a 72 cm.<br/>Offre diverse configurazioni: sedia-pappa per bambini da 6 <br/>mesi, sedia-pappa per l’età prescolare (3-5 anni), sedia-sgabello per gli adulti.<br/>Ideale anche per i banconi cucina: l’altezza massima della seduta è 72 cm.<br/>Meno ingombrante e più compatto di un seggiolone tradizionale, è perfetto anche per le cucine più piccole.<br/>Facile da pulire con semplice panno umido.<br/>Facile da smontare e da spostare grazie alla presa ergonomica nello schienale.<br/>Brevetti internazionali (Europa, Giappone, Usa).<br/>Cinture di sicurezza a 4 punti per il bambino a partire dai 6 mesi.<br/>Schienale ergonomico removibile.<br/>Di supporto per i primi mesi, con due semplici regolazioni per essere adattato all’età del bimbo.<br/>Rail di sicurezza per i bambini piccoli. È removibile per adattarsi alla<br/>crescita del bambino.<br/>Poggiapiedi removibile. <br/>Regolabile in 5 posizioni, per raggiungere gli oggetti sul tavolo.<br/>Una sedia che dura nel tempo. <br/>Slex accompagna la crescita del bambino seguendolo a ogni età, dalla prima pappa alla prima cotta.<br/>È un’idea che dura a lungo: SLEX si trasforma in una comoda sedia, per i momenti di studio e di relax,<br/>perfetta anche per mamma e per papà.<br/>	Bebè e bimbi	Pappa > Seggioloni pappa	http://127.0.0.1/storebaby.it/index.php/articoli_infanzia_seggiolone_slex__-__081.html	http://127.0.0.1/storebaby.it/media/catalog/product/s/l/slex_081.jpeg	new	131.21 EUR	in stock	Brevi	8011250210813
8011250221000	Cinturine slex evo col. art.221	Set cinture a 2 punti di<br/>sicurezza con spallacci<br/>(cod. 221)	Bebè e bimbi	Pappa > Seggioloni pappa	http://127.0.0.1/storebaby.it/index.php/articoli_infanzia_cinturine_slex_evo_col._art.221.html	http://127.0.0.1/storebaby.it/media/catalog/product/8/0/8011250221000.jpeg	new	9.21 EUR	in stock	Brevi	8011250221000
8011250322004	Paraspigoli di gomma 4 pz-colore art322	PARASPIGOLI IN GOMMA QUADRATI<br/>6 + mesi<br/>Utili per proteggere il bimbo dagli spigoli di tavoli e<br/>mobiletti e per attenuare gli eventuali colpi<br/>Realizzati in gomma trasparente, risultano quasi invisibili<br/>Sono dotati di biadesivo per essere facilmente<br/>applicati<br/>Confezione 4 pezzi (cod. 322)	Bebè e bimbi	Sicurezza e salute > Accessori sicurezza casa	http://127.0.0.1/storebaby.it/index.php/articoli_infanzia_paraspigoli_di_gomma_4_pz-colore_art322.html	http://127.0.0.1/storebaby.it/media/catalog/product/3/2/322.jpeg	new	3.21 EUR	in stock	Brevi	8011250322004
8011250325005	Blocca cassetti 4 pz-colore art325	BLOCCA CASSETTI<br/>6 + mesi<br/>Evitano al bambino di aprire antine<br/>e cassetti<br/>Si applicano tramite vite<br/>Confezione 4 pezzi (cod. 325)	Bebè e bimbi	Sicurezza e salute > Accessori sicurezza casa	http://127.0.0.1/storebaby.it/index.php/articoli_infanzia_blocca_cassetti_4_pz-colore_art325.html	http://127.0.0.1/storebaby.it/media/catalog/product/3/2/325.jpeg	new	3.21 EUR	in stock	Brevi	8011250325005
8011250326002	Blocca frigorifero 1 pz-colore art326	BLOCCA FRIGORIFERO<br/>6 + mesi<br/>Semplice chiusura di sicurezza<br/>che impedisce al bambino di<br/>aprire lo sportello del frigorifero<br/>Facile da applicare, adesivo<br/>Confezione 1 pezzo (cod. 326)	Bebè e bimbi	Sicurezza e salute > Accessori sicurezza casa	http://127.0.0.1/storebaby.it/index.php/articoli_infanzia_blocca_frigorifero_1_pz-colore_art326.html	http://127.0.0.1/storebaby.it/media/catalog/product/3/2/326.jpeg	new	3.21 EUR	in stock	Brevi	8011250326002
8011250327009	Blocca videoregistratore 1 pz-colore art327	Blocca videoregistratore Brevi. Art. 327<br/>Da 6 mesi in poi.<br/>Protegge con efficacia l\'apparecchio dalle dita del bimbo ed evita l\'eventuale inserimento di oggetti nel videoregistratore.<br/>Compatibile con la maggior parte degli apparecchi VHS in commercio.<br/>	Bebè e bimbi	Sicurezza e salute > Accessori sicurezza casa	http://127.0.0.1/storebaby.it/index.php/articoli_infanzia_blocca_videoregistratore_1_pz-colore_art327.html	http://127.0.0.1/storebaby.it/media/catalog/product/3/2/327.jpeg	new	3.21 EUR	in stock	Brevi	8011250327009
8011250328006	Blocca armadi a gancio 1 pz-colore art328	BLOCCA ARMADI A GANCIO<br/>6 + mesi<br/>Impedisce di aprire le ante dell\'armadio<br/>e in generale l\'accesso<br/>agli armadietti che contengono<br/>oggetti fragili o prodotti pericolosi<br/>per il bambino<br/>È facile da applicare e da togliere<br/>Tramite regolazione può essere<br/>adattato alla dimensione e alla<br/>distanza delle maniglie o dei<br/>pomelli<br/>Confezione 1 pezzo (cod. 328)	Bebè e bimbi	Sicurezza e salute > Accessori sicurezza casa	http://127.0.0.1/storebaby.it/index.php/articoli_infanzia_blocca_armadi_a_gancio_1_pz-colore_art328.html	http://127.0.0.1/storebaby.it/media/catalog/product/3/2/328.jpeg	new	2.21 EUR	in stock	Brevi	8011250328006
8011250331006	Sicurvetro -colore art331	VETRO SICURO<br/>6 + mesi<br/>Vetri di tavolini, porte e finestre<br/>sono sempre un pericolo per i<br/>bambini<br/>La pellicola adesiva di plastica<br/>trasparente Brevi Vetro Sicuro<br/>applicata ai vetri trattiene le<br/>schegge dovute a rottura, proteggendo<br/>quindi il vostro bambino<br/>Dimensioni 152x75 cm<br/>Confezione 1 rotolo (cod. 331)<br/>	Bebè e bimbi	Sicurezza e salute > Accessori sicurezza casa	http://127.0.0.1/storebaby.it/index.php/articoli_infanzia_sicurvetro_-colore_art331.html	http://127.0.0.1/storebaby.it/media/catalog/product/3/3/331.jpeg	new	20.21 EUR	in stock	Brevi	8011250331006
8011250332003	Blocca armadi a laccio -colore art332	BLOCCA ARMADI A LACCIO<br/>6 + mesi<br/>Impedisce di aprire le ante dell\'armadio<br/>e in generale l\'accesso<br/>agli armadietti che contengono<br/>oggetti fragili o prodotti pericolosi<br/>per il bambino<br/>Facile aggancio regolabile<br/>Confezione 1 pezzo (cod. 332)	Bebè e bimbi	Sicurezza e salute > Accessori sicurezza casa	http://127.0.0.1/storebaby.it/index.php/articoli_infanzia_blocca_armadi_a_laccio_-colore_art332.html	http://127.0.0.1/storebaby.it/media/catalog/product/3/3/332.jpeg	new	4.21 EUR	in stock	Brevi	8011250332003
8011250333000	Blocca ante e porta scorrevole-colore art333	BLOCCA ANTE E PORTE<br/>SCORREVOLI<br/>6 + mesi<br/>Utilissima per bloccare le ante e<br/>le porte scorrevoli proteggendo<br/>il bimbo da chiusure accidentali<br/>Facile da applicare grazie al biadesivo<br/>Confezione 2 pezzi (cod. 333)	Bebè e bimbi	Sicurezza e salute > Accessori sicurezza casa	http://127.0.0.1/storebaby.it/index.php/articoli_infanzia_blocca_ante_e_porta_scorrevole-colore_art333.html	http://127.0.0.1/storebaby.it/media/catalog/product/3/3/333.jpeg	new	7.21 EUR	in stock	Brevi	8011250333000
8011250355002	Climatepore umidificatore col. art.355	Climatepore<br/>Umidificatore a vapore tiepido<br/><br/>ClimaTepore Brevi è l’umidificatore a vapore tiepido, in grado di ripristinare negli ambienti, in poco tempo, il<br/>corretto grado di umidità dell’aria.<br/>È ideale per alleviare la tosse e sintomi di raffreddore, ridurre il rischio di allergie, secchezza della gola e contrastare<br/>il disidratamento della pelle dovuto ad aria poco umida.<br/><br/>Le caratteristiche<br/><br/>Design compatto e maneggevole<br/><br/>Vaporizza qualsiasi tipo di acqua<br/><br/>Funziona tramite elemento riscaldante opportunamente isolato, con sistema di ventilazione integrato per mitigare la temperatura del vapore<br/><br/>Un delicato flusso di vapore tiepido rimane sospeso nell’aria più a lungo rispetto al vaporefreddo, migliorando l’umidificazione dell’ambiente<br/><br/>Superficie massima di 20 mq circa; è ideale per l\'umidificazione di piccoli ambienti<br/><br/>Veloce, semplice e facile da usare, offre fino a 9 ore di autonomia<br/><br/>Possiede una vaschetta porta fragranze per la diffusione di essenze ed oli balsamici, aromatici e  decongestionanti<br/><br/>Di facile manutenzione grazie all’elemento riscaldante, facilmente accessibile, rivestito in teflon per ridurre la<br/>formazione di calcare<br/><br/>Dispositivo automatico di sicurezza (sensore di livello): disattiva l’elemento riscaldante quando l’acqua contenuta si esaurisce; un segnale luminoso avvisa quando il livello dell’acqua è troppo basso<br/><br/>Interruttore di sicurezza posto sul fondo dell’apparecchio: interrompe il funzionamento in caso di rovesciamento o di sollevamento<br/><br/>Alimentazione: 220-240V - 50/60 Hz; Potenza 200W<br/><br/>Dati tecnici<br/><br/>Capacità del serbatoio acqua: 2 l circa<br/><br/>Velocità di nebulizzazione: 150-250 ml/h circa<br/><br/>Rumore: inferiore a 42 dB<br/><br/>Tipo di apparecchio: funzionamento continuo<br/><br/>Certificato secondo la normativa di riferimento per gli umidificatori EN 60335-2-98<br/><br/>Manopola di controllo<br/><br/>Vaschetta porta essenze<br/><br/>Piedini antiscivolo<br/><br/><br/>MISURE:<br/><br/>H 19.3 X L. 24cm P 1.7Kg<br/><br/><br/><br/><br/><br/><br/><br/>	Bebè e bimbi	Sicurezza e salute > Umidificatori	http://127.0.0.1/storebaby.it/index.php/articoli_infanzia_climatepore_umidificatore_col._art.355.html	http://127.0.0.1/storebaby.it/media/catalog/product/8/0/8011250355002.jpeg	new	57.21 EUR	in stock	Brevi	8011250355002
8011250505223	Booster plus col. rosa (cod.022) art505	Seggiolino auto Booster Plus Brevi Hello Kitty <br/>Gruppo 2/3 - Per bambini dai 15 ai 36 kg<br/>Che tu sia in giro per la città o a spasso in una gita fuoriporta, la sicurezza e il benessere del tuo bambino hanno un valore speciale. <br/>Il seggiolino auto Booster Plus rende il viaggio una piacevole avventura, piena di importanti scoperte e momenti di gioco. È dotato di comodi poggiabraccia imbottiti e la cintura di sicurezza passa con comodità sopra le spalle del tuo bimbo.<br/> <br/>Caratteristiche Seggiolino auto Booster Plus Brevi Hello Kitty Omologato ECE R44/0<br/>• La struttura di Booster Plus è dotata di comodi poggiabraccia imbottiti<br/>• Il cuscino rialzato permette il corretto passaggio della cintura di sicurezza sulle spalle del bambino, grazie al pratico guida cinture<br/>• Comodo e confortevole, il rivestimento è sfoderabile e lavabile a 30 °C<br/>	Bebè e bimbi > Trasporto bebè > Seggiolini per auto	In auto > 5-36 KG (gruppo 2-3)	http://127.0.0.1/storebaby.it/index.php/articoli_infanzia_booster_plus_col._rosa_(cod.022)_art505.html	http://127.0.0.1/storebaby.it/media/catalog/product/8/0/8011250505223.jpeg	new	32.21 EUR	in stock	Brevi hk	8011250505223
8011250515222	Grand prix silverline 022 rosa  art515	Grand Prix<br/>Questo seggiolino auto unisce l’eccellenza strutturale dovuta alla robusta struttura in acciaio al massimo comfort garantito dalle morbide ed accoglienti imbottiture, aumentate per i primi mesi del bambino,  dall’avvolgente e anatomico riduttore con paratesta che  garantisce maggiore stabilità e protezione al collo e alla testa del piccolo.<br/><br/>La struttura è dotata anche di una base in plastica per conferire maggiore stabilità alla seduta nell’utilizzo per bimbi dagli 0 ai 10 kg in senso contrario a quello di marcia. La seduta è ampia e confortevole e lo schienale è reclinabile in 3 posizioni per  la nanna durante il viaggio.<br/>	Bebè e bimbi > Trasporto bebè > Seggiolini per auto	In auto > 0-18 KG (gruppo 0+ 1)	http://127.0.0.1/storebaby.it/index.php/articoli_infanzia_grand_prix_silverline_022_rosa__art515.html	http://127.0.0.1/storebaby.it/media/catalog/product/8/0/8011250515222.jpeg	new	132.21 EUR	in stock	Brevi hk	8011250515222
8011250515772	Grand prix siverline 077	Grand Prix Silverline T2 <br/>Seggiolino auto gruppo 0-1<br/>dalla nascita a 18 kg<br/>Omologato ECE R44/04<br/><br/>Adatto per il trasporto di bambini fino a 18 kg (Gruppo 0/1), è dotato di una robusta struttura in acciaio, con base protettiva in plastica, che tutela il bambino perché attutisce eventuali impatti e di base rialzabile per conferire maggiore sicurezza e stabilità al seggiolino se utilizzato per bimbi da 0 a 9 kg <br/>Il seggiolino auto Grand Prix Silverline rappresenta la punta di<br/>diamante dell’offerta dei seggiolini auto Brevi grazie alla sua eccellenza funzionale e strutturale unita al valore di un comfort non indifferente per il bambino grazie alle sue morbide e accoglienti imbottiture.<br/>Grand Prix Silverline è una poltroncina “multigruppo”. È infatti omologata sia per il Gruppo 0 (dalla nascita sino a 10 kg) che per il Gruppo 1 (9 - 18 kg). È quindi idonea al trasporto dei bambini dalla nascita fino al raggiungimento dei 18 kg di peso. Per questo motivo è previsto un doppio sistema di aggancio in auto: per il Gruppo 0 (bambini fino a 10 kg) posizionamento sul sedile<br/>anteriore, in senso contrario a quello di marcia, esclusivamente in assenza di airbag;<br/>per il Gruppo 1 (bambini da 9 a 18 kg) posizionamento sul sedile posteriore in<br/>senso di marcia.<br/>Tra le caratteristiche distintive di questo seggiolino auto segnaliamo alla tua attenzione la  robusta struttura in acciaio, con base protettiva in plastica, che tutela maggiormente il bambino perché la solidità dell’acciaio attutisce eventuali impatti con maggiore sicurezza e la base rialzabile per conferire maggiore stabilità al seggiolino se utilizzato per bimbi da 0 a 10 kg in senso contrario di marcia.<br/><br/>Caratteristiche<br/>Età indicativa: dalla nascita fino a 4 anni<br/>Schienale reclinabile in 3 posizioni per la nanna durante il viaggio<br/>Dotato di avvolgente riduttore superimbottito per bambini inferiori a 10 kg, anatomico e con paratesta per proteggere collo e testa del bambino.<br/>Facile sistema di ancoraggio con le cinture di sicurezza dell’auto<br/>Cinture regolabili in lunghezza con una sola mano, secondo la taglia del piccolo, a 3 punti di sicurezza con dispositivo centrale.<br/>Seduta anatomica spaziosa e confortevole<br/>Spallacci e coprifibbia con speciale imbottitura in tessuto<br/>Rivestimento in tessuto tecnico con doppia imbottitura su tutta la superficie, sfilabile e lavabile a 30°C<br/>(cod. 515)<br/><br/>Gli spallacci possono essere aperti e inseriti in apposite fettucce elasticizzate, poste sui lati<br/>del seggiolino per agevolare l’utilizzo delle cinture di sicurezza.<br/>La struttura in acciaio è dotata di base protettiva rialzabile in plastica per conferire maggiore <br/>sicurezza e stabilità al seggiolino auto se utilizzato per bimbi da 0 a 10 kg.<br/>Cintura regolabile con una sola mano secondo la taglia del bambino. Permette di tensionare<br/>correttamente le cinture di sicurezza.<br/>	Bebè e bimbi > Trasporto bebè > Seggiolini per auto	In auto > 0-18 KG (gruppo 0+ 1)	http://127.0.0.1/storebaby.it/index.php/articoli_infanzia_grand_prix_siverline_077.html	http://127.0.0.1/storebaby.it/media/catalog/product/g/r/grand_077.jpeg	new	115.21 EUR	in stock	Brevi	8011250515772
8011250580152	Soft & play box green farm art 580	Soft & Play - Green Farm rettangolare <br/><br/>La collezione Brevi Soft & Play accompagna lo svezzamento del bambino, coniugando l\'aspetto ludico con quello educativo e creativo. <br/><br/>Le caratteristiche di questo centro attività sono:<br/>• Rete a norma di sicurezza e bordo superiore antimorso<br/>• Pvc esenti da ftalati in conformità alla normativa 2005/84/EC<br/>• 4 dispositivi di blocco per la stabilità<br/>• Chiusura verticale; si appiattisce e occupa pochissimo spazio<br/>• Tutti i tessuti sono lavabili in lavatrice (30°C)<br/>Soft&Play Green Farm si ispira al tema della fattoria.<br/>Il tappeto gioco è un piccolo e morbido prato di un verde<br/>brillante ricamato con fiori, apine con stropicceti nelle<br/>ali, foglie e una simpatica chiocciola con soffietto sonoro; un grande fiore con petali stropiccetti removibile ha al suo centro uno specchio-gioco con il quale<br/>il tuo bambino potrà divertirsi scoprendo le sue espressioni e i suoi primi sorrisi. Oltre agli stimoli del soffice tappeto il tuo bambino potrà giocare con i tre morbidi<br/>personaggi della fattoria: una mucca e un topino di 8 cm con<br/>soffietto sonoro e sonaglio e una simpatica mucca musicale di 15<br/>cm, con sonaglio nelle zampine, soffietto musicale e stropiccetti nel<br/>coloratissimo corpicino. I due grandi soli arancioni applicati sulla rete impreziosiscono e rendono colorata anche la parte verticale del centro attività<br/>(cod. 580)<br/>	Bebè e bimbi	Relax > Box	http://127.0.0.1/storebaby.it/index.php/articoli_infanzia_soft_&_play_box_green_farm_art_580.html	http://127.0.0.1/storebaby.it/media/catalog/product/s/o/soft_&_play_gr.jpeg	new	90.21 EUR	in stock	Brevi	8011250580152
8022788010301	Mat. rotocamping	MATERASSO “CAMPING” PIEGHEVOLE ITALBABY (cm 58 x 118 X 5) <br/><br/>Una serie di materassi studiati appositamente per i letti da viaggio e da campeggio. Assicurano una postura ed un sonno corretto anche per i normali lettini baby. La nuovissima lastra di poliuretano espanso elastico ed anatomico sostiene in modo uniforme il bambino durante il riposo.<br/>Tessuto: 100% cotone. Interno in 100% fibra di poliestere termolegata. Antisoffoco. Confezionato arrotolato per una massima praticità di trasporto.<br/><br/>Certificazioni<br/><br/>-Traspirante<br/>-Antisoffoco<br/>-Ortopedico<br/>-Certificato<br/>-Antitarmico<br/>-Anallergico<br/>-Igienico<br/>-Termovariabile<br/>	Bebè e bimbi	Cameretta > Materassi e cuscini	http://127.0.0.1/storebaby.it/index.php/articoli_infanzia_mat._rotocamping.html	http://127.0.0.1/storebaby.it/media/catalog/product/r/o/rotocamping.jpeg	new	29.21 EUR	in stock	Italbaby	8022788010301
8022788100101	Mat. camping 60x115 pieghevole	MATERASSO “CAMPING” PIEGHEVOLE ITALBABY (cm 60 x 115 X 7) <br/><br/>Una serie di materassi studiati appositamente per i letti da viaggio e da campeggio. Assicurano una postura ed un sonno corretto anche per i normali lettini baby. La nuovissima lastra di poliuretano espanso elastico ed anatomico sostiene in modo uniforme il bambino durante il riposo.<br/>Tessuto certificato OEKO-TEX standard 100 22% cotone, 42% poliestere, 36% polipropilene. Interno in puro poliuretano espanso. Traspirante.<br/><br/>Certificazioni<br/><br/>-Traspirante<br/>-Antisoffoco<br/>-Ortopedico<br/>-Certificato<br/>-Antitarmico<br/>-Anallergico<br/>-Igienico<br/>-Termovariabile<br/><br/>	Bebè e bimbi	Cameretta > Materassi e cuscini	http://127.0.0.1/storebaby.it/index.php/articoli_infanzia_mat._camping_60x115_pieghevole.html	http://127.0.0.1/storebaby.it/media/catalog/product/c/a/camping.jpeg	new	45.21 EUR	in stock	Italbaby	8022788100101
8022788100507	Mat. jolly cm 60x125	MATERASSO JOLLY ITALBABY (cm 60 x 125) <br/><br/>Una serie di materassi studiati appositamente per i letti da viaggio e da campeggio. Assicurano una postura ed un sonno corretto anche per i normali lettini baby. La nuovissima lastra di poliuretano espanso elastico ed anatomico sostiene in modo uniforme il bambino durante il riposo.<br/>Esterno tessuto 50% cotone, 50% poliestere. Interno in puro poliuretano espanso traspirante. Dimensioni speciali a richiesta.<br/><br/><br/>Certificazioni<br/><br/>-Traspirante<br/>-Antisoffoco<br/>-Ortopedico<br/>-Certificato<br/>-Antitarmico<br/>-Anallergico<br/>-Igienico<br/>-Termovariabile<br/>	Bebè e bimbi	Cameretta > Materassi e cuscini	http://127.0.0.1/storebaby.it/index.php/articoli_infanzia_mat._jolly_cm_60x125.html	http://127.0.0.1/storebaby.it/media/catalog/product/j/o/jolly.jpeg	new	45.21 EUR	in stock	Italbaby	8022788100507
8022788103003	Mat. jolly plus cm 60x125	MATERASSO JOLLY PLUS ITALBABY (cm 60 x 125) <br/><br/>Una serie di materassi studiati appositamente per i letti da viaggio e da campeggio. Assicurano una postura ed un sonno corretto anche per i normali lettini baby. La nuovissima lastra di poliuretano espanso elastico ed anatomico sostiene in modo uniforme il bambino durante il riposo.<br/>Tessuto 70% cotone, 30% poliestere. Interno in puro poliuretano espanso. Traspirante.<br/><br/>Certificazioni<br/><br/>-Traspirante<br/>-Antisoffoco<br/>-Ortopedico<br/>-Certificato<br/>-Antitarmico<br/>-Anallergico<br/>-Igienico<br/>-Termovariabile<br/>	Bebè e bimbi	Cameretta > Materassi e cuscini	http://127.0.0.1/storebaby.it/index.php/articoli_infanzia_mat._jolly_plus_cm_60x125.html	http://127.0.0.1/storebaby.it/media/catalog/product/j/o/jolly_plus.jpeg	new	45.21 EUR	in stock	Italbaby	8022788103003
8022788105007	Mat. slim cm 60x125	MATERASSO SLIM ITALBABY (cm 60 x 125) <br/><br/>Una nuova serie di prodotti certificati studiati in modo da combinare al meglio qualità e<br/>risparmio nel rispetto della salute del bambino. La scelta dei tessuti di altissima qualità e le fibre<br/>ortopediche e antisoffoco di ultima generazione sono sinonimo di qualità e sicurezza.<br/>Tessuto esterno: 100% cotone. Interno: 100% fibra di poliestere termolegata.<br/>Tessuto esterno trapuntato, interno in fibra di poliestere con una portanza ed una densità particolari che permettono il costante ed ottimale sostegno durante il sonno. La speciale fodera con cerniera perimetrale è garanzia di igiene e facilità di manutenzione.<br/><br/>Questo materasso è stato realizzato nel rispetto<br/>delle norme europee e certificato con rapporto<br/>di prova n. 07 10290 rilasciato<br/>dall’Istituto Italiano Sicurezza dei Giocattoli<br/><br/>Certificazioni<br/><br/>-Antisoffoco<br/>-Ortopedico<br/>-Cotone 100%<br/>-Sfoderabile<br/>-Certificato<br/>-Antitarmico<br/>-Anallergico<br/>-Igienico<br/>-Termovariabile<br/><br/><br/><br/>	Bebè e bimbi	Cameretta > Materassi e cuscini	http://127.0.0.1/storebaby.it/index.php/articoli_infanzia_mat._slim_cm_60x125.html	http://127.0.0.1/storebaby.it/media/catalog/product/s/l/slim.jpeg	new	49.21 EUR	in stock	Italbaby	8022788105007
8022788108008	Mat. babyterm comfort 60x125	MATERASSO COMFORT ITALBABY (cm 60 x 125) <br/><br/>Una linea di prodotti le cui particolari caratteristiche ortopediche, antisoffoco e naturali,<br/>assicurano al bambino un sonno comodo e sano. La scelta di tessuti e fibre di altissima qualità<br/>sono garanzia di sicuressa e praticità.<br/>Tessuto esterno: 100% cotone. Interno: 100% fibra di poliestere termolegata.<br/>Tessuto esterno trapuntato, interno in fibra di poliestere con una portanza ed una densità particolari che permettono il costante ed ottimale sostegno durante il sonno. La speciale fodera con cerniera perimetrale è garanzia di igiene e facilità di manutenzione.<br/><br/>Questo materasso è stato realizzato nel rispetto<br/>delle norme europee e certificato con rapporto<br/>di prova n. 07 21355 rilasciato<br/>dall’Istituto Italiano Sicurezza dei Giocattoli<br/><br/>Certificazioni<br/><br/>-Antisoffoco<br/>-Ortopedico<br/>-Cotone 100%<br/>-Sfoderabile<br/>-Certificato<br/>-Antitarmico<br/>-Anallergico<br/>-Igienico<br/>-Termovariabile<br/><br/><br/><br/>	Bebè e bimbi	Cameretta > Materassi e cuscini	http://127.0.0.1/storebaby.it/index.php/articoli_infanzia_mat._babyterm_comfort_60x125.html	http://127.0.0.1/storebaby.it/media/catalog/product/c/o/comfort.jpeg	new	74.21 EUR	in stock	Italbaby	8022788108008
8022788110001	Mat. babyterm antiacaro 60x125	MATERASSO ANTIACARO ITALBABY (cm 60x 125)<br/><br/>Italbaby è riuscita a risolvere il problema dell’acaro in maniera efficace, combinando<br/>le tre caratteristiche di ANTIACARO, ANTISOFFOCO e COTONE 100%. I prodotti Italbaby,<br/>grazie al particolare trattamento brevettato a cui viene sottoposto il tessuto, annientano<br/>l’acaro e proteggono in modo efficace e duraturo il tuo bambino. I prodotti Italbaby,<br/>pertanto, prevengono la formazione dell’acaro e migliorano realmente le condizioni di salute<br/>e quindi di vita del bambino. Diffidate dai prodotti non certificati.<br/>Tessuto esterno: 100% cotone con trattamento antiacaro certificato.<br/>Interno: 100% fibra di poliestere termolegata.<br/>Questo materasso è stato realizzato nel rispetto<br/>delle norme europee e certificato con rapporto<br/>di prova n. 07 21354 rilasciato<br/>dall’Istituto Italiano Sicurezza dei Giocattoli<br/><br/>Certificazioni<br/><br/>-Antiacaro<br/>-Antisoffoco<br/>-Ortopedico<br/>-Cotone 100%<br/>-Sfoderabile<br/>-Certificato<br/>-Antitarmico<br/>-Anallergico<br/>-Antibatterico<br/>-Soffice<br/>-Traspirante<br/>-Igienico<br/>-Termovariabile<br/><br/>	Bebè e bimbi	Cameretta > Materassi e cuscini	http://127.0.0.1/storebaby.it/index.php/articoli_infanzia_mat._babyterm_antiacaro_60x125.html	http://127.0.0.1/storebaby.it/media/catalog/product/a/n/antiacaro.jpeg	new	95.21 EUR	in stock	Italbaby	8022788110001
8022788113002	Mat. physioform lattice 60x125	MATERASSO PHYSIOFORM ITALBABY (cm 60 x 125) <br/><br/>La linea di prodotti “Physioform” contribuisce alla salute ed al benessere del bambino, grazie all’utilizzo di imbottiture in puro lattice anallergico ed antitarmico. La lastra in lattice, ricoperta da una maglina elastica di protezione, sostiene il corpo del bambino modellandosi alle sue forme ed alla posizione assunta durante il sonno.<br/>Tessuto esterno: 100% cotone. Interno: puro lattice di gomma<br/>Questo materasso è stato realizzato nel rispetto<br/>delle norme europee e certificato con rapporto<br/>di prova n.07 21358 rilasciato<br/>dall’Istituto Italiano Sicurezza dei Giocattoli<br/><br/>Certificazioni<br/><br/>-Antisoffoco<br/>-Ortopedico<br/>-Anatomico<br/>-Sfoderabile<br/>-Soffice<br/>-Certificato<br/>-Antitarmico<br/>-Anallergico<br/>-Igienico<br/><br/><br/><br/>	Bebè e bimbi	Cameretta > Materassi e cuscini	http://127.0.0.1/storebaby.it/index.php/articoli_infanzia_mat._physioform_lattice_60x125.html	http://127.0.0.1/storebaby.it/media/catalog/product/p/h/physioform.jpeg	new	126.21 EUR	in stock	Italbaby	8022788113002
8022788115006	Mat. antistatico cm 60x125	MATERASSO ANTISTATICO ITALBABY (cm 60 x 125) <br/><br/>I nuovissimi materassi e guanciali “Gran Relax Antistatico” sono realizzati con fili di carbonio rivestiti e tessuti nella tela della fodera, rendendo così più rigenerante e rilassante il sonno del tuo bambino. Oggigiorno si tenta sempre di più di migliorare la “Qualità della vita”, che è strettamente collegata a quella del sonno. Più il sonno è rilassato ed intenso e più si ottiene il meglio della vita stessa. Nel corso della giornata il corpo umano accumula elettricità statica. Durante il sonno, poi è costantemente a contatto con vari tessuti (ad esempio pigiami, lenzuola, ecc...) che sono continuamente caricati con elettricità statica. Riducendo tale carica, il sonno automaticamente risulta più sereno, tranquillo<br/>e rigenerante. Tale fenomeno è stato dimostrato da numerosi test scientifici, in seguito ai quali i soggetti che hanno dormito su un “Materasso antistatico” hanno dichiarato di “aver dormito meglio”.<br/><br/>Questo materasso è stato realizzato nel rispetto<br/>delle norme europee e certificato con rapporto<br/>di prova n. 07 10289 rilasciato<br/>dall’Istituto Italiano Sicurezza dei Giocattoli<br/><br/>Certificazioni<br/><br/>-Antisoffoco<br/>-Ortopedico<br/>-Sfoderabile<br/>-Certificato<br/>-Antitarmico<br/>-Anallergico<br/>-Igienico<br/>-Termovariabile<br/>-Antistatico<br/><br/>	Bebè e bimbi	Cameretta > Materassi e cuscini	http://127.0.0.1/storebaby.it/index.php/articoli_infanzia_mat._antistatico_cm_60x125.html	http://127.0.0.1/storebaby.it/media/catalog/product/a/n/antistatico.jpeg	new	94.21 EUR	in stock	Italbaby	8022788115006
8022788118007	Mat. supersoft cm 60x125	MATERASSO SUPERSOFT ITALBABY (cm 60 x 125) <br/><br/>Un materasso che grazie alle caratteristiche proprie del tessuto in spugna di cotone, garantisce al bambino il massimo comfort nel lettino. Tessuto esterno trapuntato, interno in fibra di poliestere con una portanza ed una densità particolari che permettono il costante ed ottimale sostegno durante il sonno. La speciale fodera con cerniera perimetrale è garanzia di igiene e facilità di manutenzione.<br/><br/>Questo materasso è stato realizzato nel rispetto<br/>delle norme europee e certificato con rapporto<br/>di prova n. 07 10288 rilasciato<br/>dall’Istituto Italiano Sicurezza dei Giocattoli<br/><br/><br/>Certificazioni<br/><br/>-Antisoffoco<br/>-Ortopedico<br/>-Cotone 100%<br/>-Sfoderabile<br/>-Certificato<br/>-Antitarmico<br/>-Anallergico<br/>-Igienico<br/>-Termovariabile<br/><br/><br/>	Bebè e bimbi	Cameretta > Materassi e cuscini	http://127.0.0.1/storebaby.it/index.php/articoli_infanzia_mat._supersoft_cm_60x125.html	http://127.0.0.1/storebaby.it/media/catalog/product/s/u/supersoft.jpeg	new	76.21 EUR	in stock	Italbaby	8022788118007
8022788200504	Biflan lettino cm 60 x 100	BIFLAN TRAVERSA SALVAPIPI per lettino ITALBABY <br/><br/>Traversa BIFLAN. Protegge il materasso dalla pipì. Rivestita in doppia flanella di cotone gommata internamente. La cucitura perimetrale è garanzia di lunga durata anche dopo numerosi lavaggi. Lavabile fino a 90°. ESENTE FTALATI.<br/><br/>Certificazioni<br/><br/>-Anallergico<br/>-Antisoffoco<br/>-Cotone 100%<br/>-Certificato<br/>-Idrorepellente<br/>-Igienico<br/>-Termovariabile<br/>	Bebè e bimbi	Cameretta > Accessori materassi	http://127.0.0.1/storebaby.it/index.php/articoli_infanzia_biflan_lettino_cm_60_x_100.html	http://127.0.0.1/storebaby.it/media/catalog/product/b/i/biflan.jpeg	new	11.21 EUR	in stock	Italbaby	8022788200504
8022788206001	Guanciale lettino comfort	GUANCIALE ANTISOFFOCO PER LETTINO ITALBABY (cm 38 x 58) <br/><br/>Una linea di prodotti le cui particolari caratteristiche ortopediche, antisoffoco e naturali,<br/>assicurano al bambino un sonno comodo e sano. La scelta di tessuti e fibre di altissima qualità<br/>sono garanzia di sicuressa e praticità.<br/>Tessuto esterno: 100% cotone. Interno: 100% fibra di poliestere termolegata.<br/><br/>Questo materasso è stato realizzato nel rispetto<br/>delle norme europee e certificato con rapporto<br/>di prova n. 07 21355 rilasciato<br/>dall’Istituto Italiano Sicurezza dei Giocattoli<br/><br/>Certificazioni<br/><br/>-Antisoffoco<br/>-Ortopedico<br/>-Cotone 100%<br/>-Sfoderabile<br/>-Certificato<br/>-Antitarmico<br/>-Anallergico<br/>-Igienico<br/>-Termovariabile<br/><br/><br/><br/>	Bebè e bimbi	Cameretta > Materassi e cuscini	http://127.0.0.1/storebaby.it/index.php/articoli_infanzia_guanciale_lettino_comfort.html	http://127.0.0.1/storebaby.it/media/catalog/product/0/2/020.3050.jpeg	new	7.21 EUR	in stock	Italbaby	8022788206001
8022788208005	Guanciale lettino antiacaro	GUANCIALE ANTIACARO PER LETTINO ITALBABY (cm 38 x 58) <br/><br/>Italbaby è riuscita a risolvere il problema dell’acaro in maniera efficace, combinando<br/>le tre caratteristiche di ANTIACARO, ANTISOFFOCO e COTONE 100%. I prodotti Italbaby,<br/>grazie al particolare trattamento brevettato a cui viene sottoposto il tessuto, annientano<br/>l’acaro e proteggono in modo efficace e duraturo il tuo bambino. I prodotti Italbaby,<br/>pertanto, prevengono la formazione dell’acaro e migliorano realmente le condizioni di salute<br/>e quindi di vita del bambino. Diffidate dai prodotti non certificati.<br/>Tessuto esterno: 100% cotone con trattamento antiacaro certificato.<br/>Interno: 100% fibra di poliestere termolegata.<br/>Questo materasso è stato realizzato nel rispetto<br/>delle norme europee e certificato con rapporto<br/>di prova n. 07 21354 rilasciato<br/>dall’Istituto Italiano Sicurezza dei Giocattoli<br/><br/>Certificazioni<br/><br/>-Antiacaro<br/>-Antisoffoco<br/>-Ortopedico<br/>-Cotone 100%<br/>-Sfoderabile<br/>-Certificato<br/>-Antitarmico<br/>-Anallergico<br/>-Antibatterico<br/>-Soffice<br/>-Traspirante<br/>-Igienico<br/>-Termovariabile<br/><br/>	Bebè e bimbi	Cameretta > Materassi e cuscini	http://127.0.0.1/storebaby.it/index.php/articoli_infanzia_guanciale_lettino_antiacaro.html	http://127.0.0.1/storebaby.it/media/catalog/product/0/2/020.3100.jpeg	new	8.21 EUR	in stock	Italbaby	8022788208005
8022788308002	Guanciale carrozzina antiacaro	GUANCIALE ANTIACARO PER CARROZZINA ITALBABY (.cm 25 x 35)<br/><br/>Italbaby è riuscita a risolvere il problema dell’acaro in maniera efficace, combinando<br/>le tre caratteristiche di ANTIACARO, ANTISOFFOCO e COTONE 100%. I prodotti Italbaby,<br/>grazie al particolare trattamento brevettato a cui viene sottoposto il tessuto, annientano<br/>l’acaro e proteggono in modo efficace e duraturo il tuo bambino. I prodotti Italbaby,<br/>pertanto, prevengono la formazione dell’acaro e migliorano realmente le condizioni di salute<br/>e quindi di vita del bambino. Diffidate dai prodotti non certificati.<br/>Tessuto esterno: 100% cotone con trattamento antiacaro certificato.<br/>Interno: 100% fibra di poliestere termolegata.<br/>Questo materasso è stato realizzato nel rispetto<br/>delle norme europee e certificato con rapporto<br/>di prova n. 07 21354 rilasciato<br/>dall’Istituto Italiano Sicurezza dei Giocattoli<br/><br/>Certificazioni<br/><br/>-Antiacaro<br/>-Antisoffoco<br/>-Ortopedico<br/>-Cotone 100%<br/>-Sfoderabile<br/>-Certificato<br/>-Antitarmico<br/>-Anallergico<br/>-Antibatterico<br/>-Soffice<br/>-Traspirante<br/>-Igienico<br/>-Termovariabile<br/><br/>	Bebè e bimbi	Cameretta > Materassi e cuscini	http://127.0.0.1/storebaby.it/index.php/articoli_infanzia_guanciale_carrozzina_antiacaro.html	http://127.0.0.1/storebaby.it/media/catalog/product/0/3/030.3100.jpeg	new	4.21 EUR	in stock	Italbaby	8022788308002
8022788308606	Compl. carr. antiacaro 30x70	COMPLETO CARROZZINA ANTIACARO ITALBABY (cm 30 x 70) <br/><br/>Italbaby è riuscita a risolvere il problema dell’acaro in maniera efficace, combinando<br/>le tre caratteristiche di ANTIACARO, ANTISOFFOCO e COTONE 100%. I prodotti Italbaby,<br/>grazie al particolare trattamento brevettato a cui viene sottoposto il tessuto, annientano<br/>l’acaro e proteggono in modo efficace e duraturo il tuo bambino. I prodotti Italbaby,<br/>pertanto, prevengono la formazione dell’acaro e migliorano realmente le condizioni di salute<br/>e quindi di vita del bambino. Diffidate dai prodotti non certificati.<br/>Tessuto esterno: 100% cotone con trattamento antiacaro certificato.<br/>Interno: 100% fibra di poliestere termolegata.<br/>Questo materasso è stato realizzato nel rispetto<br/>delle norme europee e certificato con rapporto<br/>di prova n. 07 21354 rilasciato<br/>dall’Istituto Italiano Sicurezza dei Giocattoli<br/><br/>Certificazioni<br/><br/>-Antiacaro<br/>-Antisoffoco<br/>-Ortopedico<br/>-Cotone 100%<br/>-Sfoderabile<br/>-Certificato<br/>-Antitarmico<br/>-Anallergico<br/>-Antibatterico<br/>-Soffice<br/>-Traspirante<br/>-Igienico<br/>-Termovariabile<br/><br/>	Bebè e bimbi	Cameretta > Accessori materassi	http://127.0.0.1/storebaby.it/index.php/articoli_infanzia_compl._carr._antiacaro_30x70.html	http://127.0.0.1/storebaby.it/media/catalog/product/0/3/030.4250.jpeg	new	14.21 EUR	in stock	Italbaby	8022788308606
8022788309603	Compl. carr. comfort 30x70	COMPLETO ANTISOFFOCO PER CARROZZINA ITALBABY (cm 30 x 70) <br/><br/>Una linea di prodotti le cui particolari caratteristiche ortopediche, antisoffoco e naturali,<br/>assicurano al bambino un sonno comodo e sano. La scelta di tessuti e fibre di altissima qualità<br/>sono garanzia di sicuressa e praticità.<br/>Tessuto esterno: 100% cotone. Interno: 100% fibra di poliestere termolegata.<br/><br/>Questo materasso è stato realizzato nel rispetto<br/>delle norme europee e certificato con rapporto<br/>di prova n. 07 21355 rilasciato<br/>dall’Istituto Italiano Sicurezza dei Giocattoli<br/><br/>Certificazioni<br/><br/>-Antisoffoco<br/>-Ortopedico<br/>-Cotone 100%<br/>-Sfoderabile<br/>-Certificato<br/>-Antitarmico<br/>-Anallergico<br/>-Igienico<br/>-Termovariabile<br/><br/>	Bebè e bimbi	Cameretta > Accessori materassi	http://127.0.0.1/storebaby.it/index.php/articoli_infanzia_compl._carr._comfort_30x70.html	http://127.0.0.1/storebaby.it/media/catalog/product/0/3/030.4150.jpeg	new	10.21 EUR	in stock	Italbaby	8022788309603
8022788406005	Guanciale culla comfort	GUANCIALE ANTISOFFOCO PER CULLA ITALBABY (cm 30 x 40) <br/><br/>Una linea di prodotti le cui particolari caratteristiche ortopediche, antisoffoco e naturali,<br/>assicurano al bambino un sonno comodo e sano. La scelta di tessuti e fibre di altissima qualità<br/>sono garanzia di sicuressa e praticità.<br/>Tessuto esterno: 100% cotone. Interno: 100% fibra di poliestere termolegata.<br/><br/>Questo materasso è stato realizzato nel rispetto<br/>delle norme europee e certificato con rapporto<br/>di prova n. 07 21355 rilasciato<br/>dall’Istituto Italiano Sicurezza dei Giocattoli<br/><br/>Certificazioni<br/><br/>-Antisoffoco<br/>-Ortopedico<br/>-Cotone 100%<br/>-Sfoderabile<br/>-Certificato<br/>-Antitarmico<br/>-Anallergico<br/>-Igienico<br/>-Termovariabile<br/><br/>	Bebè e bimbi	Cameretta > Materassi e cuscini	http://127.0.0.1/storebaby.it/index.php/articoli_infanzia_guanciale_culla_comfort.html	http://127.0.0.1/storebaby.it/media/catalog/product/0/4/040.3050.jpeg	new	4.21 EUR	in stock	Italbaby	8022788406005
8022788408009	Guanciale culla antiacaro	GUANCIALE ANTIACARO PER CULLA ITALBABY (cm 30 x 40) <br/><br/>Italbaby è riuscita a risolvere il problema dell’acaro in maniera efficace, combinando<br/>le tre caratteristiche di ANTIACARO, ANTISOFFOCO e COTONE 100%. I prodotti Italbaby,<br/>grazie al particolare trattamento brevettato a cui viene sottoposto il tessuto, annientano<br/>l’acaro e proteggono in modo efficace e duraturo il tuo bambino. I prodotti Italbaby,<br/>pertanto, prevengono la formazione dell’acaro e migliorano realmente le condizioni di salute<br/>e quindi di vita del bambino. Diffidate dai prodotti non certificati.<br/>Tessuto esterno: 100% cotone con trattamento antiacaro certificato.<br/>Interno: 100% fibra di poliestere termolegata.<br/>Questo materasso è stato realizzato nel rispetto<br/>delle norme europee e certificato con rapporto<br/>di prova n. 07 21354 rilasciato<br/>dall’Istituto Italiano Sicurezza dei Giocattoli<br/><br/>Certificazioni<br/><br/>-Antiacaro<br/>-Antisoffoco<br/>-Ortopedico<br/>-Cotone 100%<br/>-Sfoderabile<br/>-Certificato<br/>-Antitarmico<br/>-Anallergico<br/>-Antibatterico<br/>-Soffice<br/>-Traspirante<br/>-Igienico<br/>-Termovariabile<br/>	Bebè e bimbi	Cameretta > Materassi e cuscini	http://127.0.0.1/storebaby.it/index.php/articoli_infanzia_guanciale_culla_antiacaro.html	http://127.0.0.1/storebaby.it/media/catalog/product/0/4/040.3100.jpeg	new	4.21 EUR	in stock	Italbaby	8022788408009
8019630010077	Yuppy go cm.120 sfod.- art.007	Yuppy Go  la soluzione ideale in termini di praticità della linea Primi Sogni. Leggero con una solida struttura metallica si chiude a compasso con un solo gesto ed ha un ingombro minimo (solo 15 cm.). Completo di materasso. Il tessuto del rivestimento, in cotone naturale, traspirante è completamente sfoderabile e lavabile in lavatrice a 30°C. <br/>Dimensioni da aperto 120x60x63 , da chiuso 15x96x60. <br/>	Bebè e bimbi > Trasporto bebè > Passeggini	Passeggio > Lettini da campeggio	http://127.0.0.1/storebaby.it/index.php/articoli_infanzia_yuppy_go_cm.120_sfod.-_art.007.html	http://127.0.0.1/storebaby.it/media/catalog/product/8/0/8019630010077.jpeg	new	90.21 EUR	in stock		8019630010077
8019630010848	Babygate barr.porta- art.084	arriera PRIMISOGNI nella porta o sulle scale 73-85 cm, la possibilità di allungamento - 5 varianti possibili.<br/>	Bebè e bimbi	Sicurezza e salute > Cancelletti	http://127.0.0.1/storebaby.it/index.php/articoli_infanzia_babygate_barr.porta-_art.084.html	http://127.0.0.1/storebaby.it/media/catalog/product/8/0/8019630010848.jpeg	new	49.21 EUR	in stock	Primisogni	8019630010848
8019630010855	Prolunga barr.cm.12- art.085	arriere estensione PRIMISOGNI le scale o alla porta di 12 cm.<br/>	Bebè e bimbi	Sicurezza e salute > Cancelletti	http://127.0.0.1/storebaby.it/index.php/articoli_infanzia_prolunga_barr.cm.12-_art.085.html	http://127.0.0.1/storebaby.it/media/catalog/product/8/0/8019630010855.jpeg	new	14.21 EUR	in stock		8019630010855
8019630011050	Open pratic- art.105	agnetto fasciatoio molto pratico e leggero, in struttura di metallo verniciato e plastica<br/>La vaschetta è anatomica antiscivolo con cuscino poggiatesta per un maggior comfort del bambino, trovate inoltre i portaoggetti laterali e il fasciatoio molto imbottito.<br/>Dotata di struttura mobile che permette di posizionare lateralmente la vaschetta per l\'utilizzo simultaneo del bagnetto e del fasciatoio.<br/>Con 2 ceste portabiancheria e un portaoggetti.<br/>4 ruote, di cui 2 con freno.<br/>Chiusura di sicurezza.<br/>Larghezza cm. 80 (chiuso), cm. 107 (aperto), cm. 122 (aperto con portaoggetti).<br/>	Bebè e bimbi	Bagnetto - igiene - cambio > Fasciatoio	http://127.0.0.1/storebaby.it/index.php/articoli_infanzia_open_pratic-_art.105.html	http://127.0.0.1/storebaby.it/media/catalog/product/8/0/8019630011050.jpeg	new	95.21 EUR	in stock		8019630011050
8019630012149	Prolunga barr.cm.27- art.214	arriere estensione PRIMISOGNI le scale o la porta 27 cm.<br/>	Bebè e bimbi	Sicurezza e salute > Cancelletti	http://127.0.0.1/storebaby.it/index.php/articoli_infanzia_prolunga_barr.cm.27-_art.214.html	http://127.0.0.1/storebaby.it/media/catalog/product/8/0/8019630012149.jpeg	new	19.21 EUR	in stock		8019630012149
8019630020250	Camping- art.025	Seggiolone particolarmente indicato per i viaggi, la vita all’aria aperta e per l’utilizzo in comunità, ristoranti ed alberghi.<br/>E’ realizzato in tessuto nylon lavabile. La struttura metallica è leggera e pieghevole. Dopo l’utilizzo occupa uno spazio estremamente ridotto. Dotato di cintura di ritenuta.<br/>	Bebè e bimbi	Pappa > Seggioloni pappa	http://127.0.0.1/storebaby.it/index.php/articoli_infanzia_camping-_art.025.html	http://127.0.0.1/storebaby.it/media/catalog/product/8/0/8019630020250.jpeg	new	41.21 EUR	in stock		8019630020250
5010415302663	Cucchiai svezzamento presa facile exp	• Punta morbida per le gengive delicate<br/><br/>• Senza bisfenolo-A (BPA)<br/><br/>• Senza ftalati<br/><br/>• Idoneo per tutte le forme di sterilizzazione<br/><br/>• Lavabile in lavastoviglie<br/><br/>• I manici lunghi sono ideali per svuotare i vasetti di cibo<br/><br/>• Disponibile in Blu, Rosa e Verde<br/>Intelligente<br/>Funziona con tutte le stoviglie Explora® di Tommee Tippee®<br/><br/>N.B. (IL PREZZO E’ PER QUATTRO CUCCHIAINI DELLO STESSO COLORE; 4 ROSA, OPPURE 4 AZZURRI)<br/>	Bebè e bimbi	Pappa > Accessori pappa	http://127.0.0.1/storebaby.it/index.php/articoli_infanzia_cucchiai_svezzamento_presa_facile_exp.html	http://127.0.0.1/storebaby.it/media/catalog/product/4/3/43026661.jpeg	new	4.21 EUR	in stock	Tommee tippee	5010415302663
4001998141122	Palestrina 3d grande	PALESTRINE 3D<br/>Le palestrine-activity Brevi sono ideali per le prime esplorazioni fuori dal lettino e stimolano molte attività del tuo bambino. Le confortevoli imbottiture e le stoffe super morbide sono ideali per la delicatezza della pelle del bebè. Diversi morbidi materiali anallergici, colori e musiche, funzioni gioco nascoste (sonagli, cigolii, carta frusciante) offrono i primi importanti stimoli sensoriali, utili allo sviluppo delle sue capacità motorie e cognitive. Alcuni modelli sono dotati di arco giochi removibile e pupazzetti, ognuno dei quali nasconde una sorpresa (musiche, stropiccetti, campanellini, specchio-gioco, anello di dentizione) e può essere staccato per diventare un piccolo gioco da coccolare o essere fissato al lettino, al box o al passeggino grazie al comodo passante. Disponibili in dimensioni e forme differenti, le basi possono essere utilizzate, quando il tuo bambino cresce, come coperte o ornamento per la parete della cameretta. Lavabili in lavatrice con programmi per capi molto delicati.<br/><br/>Soft Toys by Brevi 0 m+<br/>	Bebè e bimbi	Giochi > Palestrine - tappeti	http://127.0.0.1/storebaby.it/index.php/articoli_infanzia_palestrina_3d_grande.html	http://127.0.0.1/storebaby.it/media/catalog/product/1/4/141122.jpeg	new	104.21 EUR	in stock	Fehn	4001998141122
