EAN13,DESCRIZIONE,COD.PRODOTTO,MARCA, VENDITA 
843048803907,THUNDER ISOFIX METEORITE 755 417,755 417,BE COOL,"165,00"
843048804048,THUNDER ISOFIX MOONLIGHT 755 450,755 450,BE COOL,"165,00"
843048804214,THUNDER ISOFIX BROWNIE 755 270,755 270,BE COOL,"165,00"
8430488044913,THUNDER ISOFIX MARANELLO 755 219,755 219,BE COOL,"165,00"
8430488044920,THUNDER ISOFIX SEDAN 755 220,755 220,BE COOL,"165,00"
8430488044937,THUNDER ISOFIX PRINCIPESSA 755 221,755 221,BE COOL,"165,00"
8430488044944,THUNDER ISOFIX BOURBON 755 222,755 222,BE COOL,"165,00"
8011250279339,Sdraietta-Seggiolone B FUN 233 ROSSO,279,BREVI,"139,00"
8011250279346,Sdraietta-Seggiolone B FUN 234 ARANCIONE,279,BREVI,"139,00"
8011250279629,Sdraietta-Seggiolone B FUN 262 VERDE,279,BREVI,"139,00"
8011250279735,Sdraietta-Seggiolone B FUN 373 LAVANDA,279,BREVI,"139,00"
8011250279056,Sdraietta-Seggiolone B FUN 005 MOKA,279,BREVI,"139,00"
8011250279391,Sdraietta-Seggiolone B FUN 239 BLU,279,BREVI,"139,00"
8058664035267,CULLA NEXT 2 ME SILVER,07079339490000,CHICCO,"148,50"
8058664022731,CULLA NEXT 2 ME FUCHSIA ,07079339680000,CHICCO,"148,50"
8058664022748,CULLA NEXT 2 ME DOVE GREY,07079339720000,CHICCO,"148,50"
